title,lang,source_name,format,category,cefr_level,license,text
na,en,readme,sentence-level,reference,A2,CC BY SA NC 4.0,The late 19th century marks the start of psychology as a scientific enterprise.
na,en,readme,sentence-level,reference,A2,CC BY SA NC 4.0,Cartridge paper is the basic type of drawing paper sold in pads.
na,en,readme,sentence-level,reference,A2,CC BY SA NC 4.0,This is called the observer effect.
na,en,readme,sentence-level,reference,A2,CC BY SA NC 4.0,This was originally intended to provide a check on political power.
na,en,readme,sentence-level,reference,A2,CC BY SA NC 4.0,Different policies were applied in Albania and China which became more distanced from the Soviet Union.
na,en,readme,sentence-level,reference,A2,CC BY SA NC 4.0,It is God’s free gift to the individual believer.
na,en,readme,sentence-level,reference,A1,CC BY SA NC 4.0,"And the little prince went away, puzzled."
na,en,readme,sentence-level,reference,A2,CC BY SA NC 4.0,"This is, to me, the loveliest and saddest landscape in the world."
na,en,readme,sentence-level,reference,A2,CC BY SA NC 4.0,The fifth planet was very strange.
na,en,readme,sentence-level,reference,A2,CC BY SA NC 4.0,"This has to be the start of a series, right?"
na,en,readme,sentence-level,reference,A2,CC BY SA NC 4.0,"Didn't care much for the characters, the twist was so obvious, the writing just okay."
na,en,readme,sentence-level,reference,A2,CC BY SA NC 4.0,Reception staff friendly and helpful.
na,en,readme,sentence-level,reference,A2,CC BY SA NC 4.0,"When the rooms are finally updated, this place could be top-notch."
na,en,readme,sentence-level,reference,A2,CC BY SA NC 4.0,"!The hotel was so quiet, clean and unique in its layout and decorum!"
na,en,readme,sentence-level,reference,A2,CC BY SA NC 4.0,"To be honest, by now I didn't really care."
na,en,readme,sentence-level,reference,A2,CC BY SA NC 4.0,This film does have its good points.
na,en,readme,sentence-level,reference,A2,CC BY SA NC 4.0,This wonderful story takes you back to a more simple time and brings back memories for both old and young.
na,en,readme,sentence-level,reference,A2,CC BY SA NC 4.0,"Customer service did seem to be nice though, but I regret missing my return date for these."
na,en,readme,sentence-level,reference,A2,CC BY SA NC 4.0,Two of the glasses were broken when I opened the package.
na,en,readme,sentence-level,reference,A2,CC BY SA NC 4.0,Very very poor quality and expensive!
na,en,readme,sentence-level,reference,A2,CC BY SA NC 4.0,I'm not sure how long we stood there but it was long enough for me to begin to feel awkwardly out of place.
na,en,readme,sentence-level,reference,A2,CC BY SA NC 4.0,We've have gotten a much better service from the pizza place next door than the services we received from this restaurant.
na,en,readme,sentence-level,reference,A2,CC BY SA NC 4.0,"Hold this position for one minute, rest, and repeat two more times."
na,en,readme,sentence-level,reference,A2,CC BY SA NC 4.0,Flip and repeat so it becomes lightly browned on both sides.
na,en,readme,sentence-level,reference,A2,CC BY SA NC 4.0,"They can also be mixed in the pan, but it's a little tricky not to spill."
na,en,readme,sentence-level,reference,A2,CC BY SA NC 4.0,"In large saucepan, combine sugar, margarine and evaporated milk."
na,en,readme,sentence-level,reference,A2,CC BY SA NC 4.0,Remove onion and bay leaf.
na,en,readme,sentence-level,reference,A2,CC BY SA NC 4.0,"While charging, the device and the charger may become hot and stop charging."
na,en,readme,sentence-level,reference,A2,CC BY SA NC 4.0,The program is conducted online in its entirety
na,en,readme,sentence-level,reference,A2,CC BY SA NC 4.0,"In addition, the program provides the means for athletes to participate in appropriate recreational activities geared to their ability levels"
na,en,readme,sentence-level,reference,A2,CC BY SA NC 4.0,"The same holds for agricultural investments, but in this case the eﬀect is weaker statistically"
na,en,readme,sentence-level,reference,A2,CC BY SA NC 4.0,A man wearing sunglasses and a cap lies on a metal bench outside to do a stomach exercise .
na,en,readme,sentence-level,reference,A2,CC BY SA NC 4.0,A man carries a baby in a big city .
na,en,readme,sentence-level,reference,A2,CC BY SA NC 4.0,A woman in a pink shirt and knee pads is playing volleyball .
na,en,readme,sentence-level,reference,A2,CC BY SA NC 4.0,Group of men in blue uniform are emptying supplies off the cargo plane .
na,en,readme,sentence-level,reference,A2,CC BY SA NC 4.0,A man stands up to make a speech at a family gathering .
na,en,readme,sentence-level,reference,A2,CC BY SA NC 4.0,It's our little secret .
na,en,readme,sentence-level,reference,A2,CC BY SA NC 4.0,Have you ever met a shark ?
na,en,readme,sentence-level,reference,A1,CC BY SA NC 4.0,I can't go with that girl .
na,en,readme,sentence-level,reference,A2,CC BY SA NC 4.0,He was taken by these divers .
na,en,readme,sentence-level,reference,A2,CC BY SA NC 4.0,A boy sits where it's windy and shows us his collection of cards and how he shuffles them.
na,en,readme,sentence-level,reference,A1,CC BY SA NC 4.0,Two girls are moving their hands around and then their legs to music.
na,en,readme,sentence-level,reference,A2,CC BY SA NC 4.0,A man is cutting designs into a pineapple and trying to sell it to the photographer.
na,en,readme,sentence-level,reference,A2,CC BY SA NC 4.0,Several young men participate in a ball game on a grassy area as one of them kicks a large ball.
na,en,readme,sentence-level,reference,A1,CC BY SA NC 4.0,They're all gonna hate me.
na,en,readme,sentence-level,reference,A1,CC BY SA NC 4.0,And you can call me Camila.
na,en,readme,sentence-level,reference,A2,CC BY SA NC 4.0,Who knows if we'll ever figure that out.
na,en,readme,sentence-level,reference,A2,CC BY SA NC 4.0,Your make-up application says i failed clown college.
na,en,readme,sentence-level,reference,A2,CC BY SA NC 4.0,Start the day with a big bowl of why the fuck am i awake.
na,en,readme,sentence-level,reference,A2,CC BY SA NC 4.0,My memory lane is now mostly traffic cones.
na,en,readme,sentence-level,reference,A2,CC BY SA NC 4.0,"A sheep, a drum, and a snake fall down a cliff... ba-dumm-tss"
na,en,readme,sentence-level,reference,A1,CC BY SA NC 4.0,Would you be interested?
na,en,readme,sentence-level,reference,A2,CC BY SA NC 4.0,Is it an antique?
na,en,readme,sentence-level,reference,A2,CC BY SA NC 4.0,"Hi, I'm interested in your iphone."
na,en,readme,sentence-level,reference,A2,CC BY SA NC 4.0,"Hello , is that the Peace Restaurant ?"
na,en,readme,sentence-level,reference,A1,CC BY SA NC 4.0,"Hello , is there anything I can do for you ?"
na,en,readme,sentence-level,reference,A1,CC BY SA NC 4.0,Here comes the last course !
na,en,readme,sentence-level,reference,A2,CC BY SA NC 4.0,"Hello , do you know anywhere that sells cheap cashmere sweaters ?"
na,en,readme,sentence-level,reference,A2,CC BY SA NC 4.0,cancel all alarms this week while I'm on vacation
na,en,readme,sentence-level,reference,A1,CC BY SA NC 4.0,cancel alarm for 4pm
na,en,readme,sentence-level,reference,A1,CC BY SA NC 4.0,Add an alarm on Saturday at  11 am
na,en,readme,sentence-level,reference,A1,CC BY SA NC 4.0,Show me my alarm
na,en,readme,sentence-level,reference,A2,CC BY SA NC 4.0,When is the next alarm set for?
na,en,readme,sentence-level,reference,A2,CC BY SA NC 4.0,One must be so careful these days
na,en,readme,sentence-level,reference,A2,CC BY SA NC 4.0,"My cousin’s, he took me out on a sled"
na,en,readme,sentence-level,reference,A2,CC BY SA NC 4.0,"Here is Belladonna, the Lady of the Rocks"
na,en,readme,sentence-level,reference,A1,CC BY SA NC 4.0,Because you voted.
na,en,readme,sentence-level,reference,A2,CC BY SA NC 4.0,We know that women still get paid less than men.
na,en,readme,sentence-level,reference,A2,CC BY SA NC 4.0,"So I was really inspired by her actions, and I decided that I would start striking as well."
na,en,readme,sentence-level,reference,A1,CC BY SA NC 4.0,What is a place?
na,en,readme,sentence-level,reference,A2,CC BY SA NC 4.0,Your reply is utterly inappropriate.
na,en,readme,sentence-level,reference,A2,CC BY SA NC 4.0,Be yourself; everyone else is already taken.
na,en,readme,sentence-level,reference,A2,CC BY SA NC 4.0,It is better to be hated for what you are than to be loved for what you are not.
na,en,readme,sentence-level,reference,A2,CC BY SA NC 4.0,"I've learned that people will forget what you said, people will forget what you did, but people will never forget how you made them feel."
na,en,readme,sentence-level,reference,A2,CC BY SA NC 4.0,"I've just found 10,000 ways that won't work."
na,en,readme,sentence-level,reference,A2,CC BY SA NC 4.0,Maricopa County Elections deleted their database
na,en,readme,sentence-level,reference,A2,CC BY SA NC 4.0,Low Flu cases this year prove that the pandemic is fake
na,en,readme,sentence-level,reference,A1,CC BY SA NC 4.0,Don't say i didn't tell you so.
na,en,readme,sentence-level,reference,A2,CC BY SA NC 4.0,"Now Is Not The Time To Stop Wearing A Mask,' Says CDC Director Rochelle Walensky"
na,en,readme,sentence-level,reference,A2,CC BY SA NC 4.0,not my aunt trying to convince me not to get the vaccine bc itll make me “infertile” girl log off facebook
na,en,readme,sentence-level,reference,A2,CC BY SA NC 4.0,"Don't worry, there will be a disco ball."
na,en,readme,sentence-level,reference,A2,CC BY SA NC 4.0,The ugly Christmas sweaters went fast.
na,en,readme,sentence-level,reference,A2,CC BY SA NC 4.0,It might not all be bad news.
na,en,readme,sentence-level,reference,A2,CC BY SA NC 4.0,The practice of bundling is that of selling two or more goods together as a package.
na,en,readme,sentence-level,reference,A2,CC BY SA NC 4.0,"For example, the US is a major wheat exporter."
na,en,readme,sentence-level,reference,A2,CC BY SA NC 4.0,Taxes are analyzed in the next section.
na,en,readme,sentence-level,reference,A2,CC BY SA NC 4.0,"Many people have contributed to this book and I am grateful for their guidance, inspiration, expertise,  and good eyes."
na,en,readme,sentence-level,reference,A2,CC BY SA NC 4.0,"Therefore, when we are hungry , we often have a specific food item in mind."
na,en,readme,sentence-level,reference,A2,CC BY SA NC 4.0,"As an example, if you have a cup of cof fee that has only a very little bit of sugar in it (say one  teaspoon), adding another teaspoon of sugar will make a big dif ference in taste."
na,en,readme,sentence-level,reference,A2,CC BY SA NC 4.0,Sharing : Culture is the product of people sharing with one another .
na,en,readme,sentence-level,reference,A2,CC BY SA NC 4.0,Availability Bias  : Making decisions based on immediate information or examples that come to  mind
na,en,readme,sentence-level,reference,A2,CC BY SA NC 4.0,Encryption does not always work as desired.
na,en,readme,sentence-level,reference,A2,CC BY SA NC 4.0,"Psychology is the scientific study of behavior, cognition, and emotion"
na,en,readme,sentence-level,reference,A2,CC BY SA NC 4.0,It   allowed the study of new subjects including children and animals
na,en,readme,sentence-level,reference,A2,CC BY SA NC 4.0,"Do not pick it up from a corner, or even from two sides and hold it at eye level."
na,en,readme,sentence-level,reference,A2,CC BY SA NC 4.0,"Common methods of digital drawing include a stylus or finger on a touchscreen device, stylus- or finger-to-touchpad, or in some cases, a mouse."
na,en,readme,sentence-level,reference,A2,CC BY SA NC 4.0,Drawing diagrams of observations is an important part of scientific study.
na,en,readme,sentence-level,reference,A2,CC BY SA NC 4.0,"Other tools used are circle compass, ruler, and set square."
na,en,readme,sentence-level,reference,A2,CC BY SA NC 4.0,"An artist who practices or works in technical drawing may be called a drafter, draftsman, or draughtsman."
na,en,readme,sentence-level,reference,A2,CC BY SA NC 4.0,"Thus, the environment plays a huge role in people's decision factor to utilize bicycle touring more."
na,en,readme,sentence-level,reference,A2,CC BY SA NC 4.0,Isolation of infectious persons or materials to prevent spread of infection.
na,en,readme,sentence-level,reference,A2,CC BY SA NC 4.0,"Mankind has fought battles on the sea for more than 3,000 years."
na,en,readme,sentence-level,reference,A2,CC BY SA NC 4.0,"On May 29, 1453, Constantinople fell into Ottoman control."
na,en,readme,sentence-level,reference,A2,CC BY SA NC 4.0,"In Sub-Saharan Africa, where there was no continent-wide universal Bronze Age, the use of iron immediately succeeded the use of stone."
na,en,readme,sentence-level,reference,A2,CC BY SA NC 4.0,Jacob Bernoulli proposed the Bernoulli differential equation in 1695.
na,en,readme,sentence-level,reference,A2,CC BY SA NC 4.0,Religious humanism appeared mostly in the US and is now rarely practiced.
na,en,readme,sentence-level,reference,A2,CC BY SA NC 4.0,"Depending upon the requirement, social workers are often involved in illness education, counseling and psychotherapy."
na,en,readme,sentence-level,reference,A2,CC BY SA NC 4.0,"In the UK, the professional association is the British Association of Social Workers (BASW) with just over 18,000 members (as of August 2015)."
na,en,readme,sentence-level,reference,A2,CC BY SA NC 4.0,Procedural memory is memory for the performance of particular types of action.
na,en,readme,sentence-level,reference,A2,CC BY SA NC 4.0,A simple model of the process is shown below:
na,en,readme,sentence-level,reference,A2,CC BY SA NC 4.0,"Rockets are used for fireworks, weaponry, ejection seats, launch vehicles for artificial satellites, human spaceflight and exploration of other planets."
na,en,readme,sentence-level,reference,A2,CC BY SA NC 4.0,He paused and his legal adviser asked that the titles be read.
na,en,readme,sentence-level,reference,A2,CC BY SA NC 4.0,"But when the Pope had seen what this quiet monk could do, he called the artist to him."
na,en,readme,sentence-level,reference,A2,CC BY SA NC 4.0,What should they know of England who only England know?
na,en,readme,sentence-level,reference,A2,CC BY SA NC 4.0,The studio where Cimabue worked was not at all like those artists' rooms which we now call studios.
na,en,readme,sentence-level,reference,A2,CC BY SA NC 4.0,But the little prince could not restrain his admiration
na,en,readme,sentence-level,reference,A2,CC BY SA NC 4.0,"But he was in Turkish costume, and so nobody would believe what he said."
na,en,readme,sentence-level,reference,A2,CC BY SA NC 4.0,For what the king fundamentally insisted upon was that his authority should be respected.
na,en,readme,sentence-level,reference,A2,CC BY SA NC 4.0,The fourth planet belonged to a businessman.
na,en,readme,sentence-level,reference,A2,CC BY SA NC 4.0,He could not say anything more.
na,en,readme,sentence-level,reference,A2,CC BY SA NC 4.0,But he laughed lightly.
na,en,readme,sentence-level,reference,A2,CC BY SA NC 4.0,"You have, I know, confidence in me."
na,en,readme,sentence-level,reference,A2,CC BY SA NC 4.0,"So he cleaned out the extinct volcano, too."
na,en,readme,sentence-level,reference,A2,CC BY SA NC 4.0,So I tossed off this drawing.
na,en,readme,sentence-level,reference,A2,CC BY SA NC 4.0,And after some work with a colored pencil I succeeded in making my first drawing.
na,en,readme,sentence-level,reference,A2,CC BY SA NC 4.0,"I was only twenty meters from the wall, and I still saw nothing."
na,en,readme,sentence-level,reference,A2,CC BY SA NC 4.0,That was his first moment of regret.
na,en,readme,sentence-level,reference,A2,CC BY SA NC 4.0,"He was standing before a garden, all a-bloom with roses."
na,en,readme,sentence-level,reference,A2,CC BY SA NC 4.0,"Then one morning, exactly at sunrise, she suddenly showed herself."
na,en,readme,sentence-level,reference,A2,CC BY SA NC 4.0,"He laughed, touched the rope, and set the pulley to working."
na,en,readme,sentence-level,reference,A1,CC BY SA NC 4.0,The clock struck six.
na,en,readme,sentence-level,reference,A2,CC BY SA NC 4.0,"“Will you tell me where you are going, you wretch?”"
na,en,readme,sentence-level,reference,A2,CC BY SA NC 4.0,She would gladly have thrown something at his head.
na,en,readme,sentence-level,reference,A2,CC BY SA NC 4.0,"The girl stared boldly at her father, and showing the shoes which she had on her feet:—"
na,en,readme,sentence-level,reference,A2,CC BY SA NC 4.0,"It's comfortable and enjoyable, but you definitely miss the exciting twists and turns of a back-country road."
na,en,readme,sentence-level,reference,A2,CC BY SA NC 4.0,All the thoughts and opinions are my own.
na,en,readme,sentence-level,reference,A2,CC BY SA NC 4.0,"I love the direction that these books are going, giving Harry a new burst of life after his decision to quit the force."
na,en,readme,sentence-level,reference,A2,CC BY SA NC 4.0,I love Elvis and Joe equally!
na,en,readme,sentence-level,reference,A1,CC BY SA NC 4.0,What could the motive be?
na,en,readme,sentence-level,reference,A2,CC BY SA NC 4.0,By the end I was gasping at surprises and racing to pick up this book every chance I got.
na,en,readme,sentence-level,reference,A2,CC BY SA NC 4.0,It was really fun to revisit this story that has stood out in my memory for so long.
na,en,readme,sentence-level,reference,A2,CC BY SA NC 4.0,The Hollywood aspect and the creepy house with Scooby Doo vibes made me enjoy it even more.
na,en,readme,sentence-level,reference,A2,CC BY SA NC 4.0,This is a suspenseful detective story with interesting characters.
na,en,readme,sentence-level,reference,A1,CC BY SA NC 4.0,Definitely read this book!
na,en,readme,sentence-level,reference,A2,CC BY SA NC 4.0,I don’t want to say anymore so I do not spoil anything for the ones that still haven’t read it.
na,en,readme,sentence-level,reference,A1,CC BY SA NC 4.0,I do get that.
na,en,readme,sentence-level,reference,A2,CC BY SA NC 4.0,This is a fantastic murder mystery and a spooky ghost tale with important cultural links!
na,en,readme,sentence-level,reference,A2,CC BY SA NC 4.0,The dialogue was sharp and fun.
na,en,readme,sentence-level,reference,A1,CC BY SA NC 4.0,!
na,en,readme,sentence-level,reference,A2,CC BY SA NC 4.0,most of us have heard of this controverisal book.
na,en,readme,sentence-level,reference,A2,CC BY SA NC 4.0,"I would recommend this property to any reader, relative, or friend."
na,en,readme,sentence-level,reference,A1,CC BY SA NC 4.0,What an amazing spot!
na,en,readme,sentence-level,reference,A2,CC BY SA NC 4.0,"But all in all, I wouldn't hesitate to go back!"
na,en,readme,sentence-level,reference,A2,CC BY SA NC 4.0,Our organization just got back from another fantastic conference at the Town and Country.
na,en,readme,sentence-level,reference,A1,CC BY SA NC 4.0,Worst experience ever!!!
na,en,readme,sentence-level,reference,A2,CC BY SA NC 4.0,"Very clean and comfortable, excellent internet, beautifully appointed room with coffee maker, TV, alarm clock, shower (no tub)."
na,en,readme,sentence-level,reference,A2,CC BY SA NC 4.0,It had all the lay I needed.
na,en,readme,sentence-level,reference,A2,CC BY SA NC 4.0,The staff worked overtime and very hard to make everyone feel comfortable and well taken care of!
na,en,readme,sentence-level,reference,A2,CC BY SA NC 4.0,It only takes a few steps to the Piazza dei Miracoli !
na,en,readme,sentence-level,reference,A2,CC BY SA NC 4.0,The rooms are pretty and spotless.
na,en,readme,sentence-level,reference,A2,CC BY SA NC 4.0,The only negatives were that our large bed was actually 2 twins pushed together.
na,en,readme,sentence-level,reference,A2,CC BY SA NC 4.0,Perfect for calm stay for two or for having really nice rest
na,en,readme,sentence-level,reference,A2,CC BY SA NC 4.0,"The room was a good size with comfortable beds, very clean, sufficient outlets for our electronic devices, complimentary wifi and an awesome view from our window."
na,en,readme,sentence-level,reference,A2,CC BY SA NC 4.0,We stay at this hotel frequently when we travel to visit family.
na,en,readme,sentence-level,reference,A1,CC BY SA NC 4.0,All the staff were lovely.
na,en,readme,sentence-level,reference,A2,CC BY SA NC 4.0,"Britney, our waitress at tea-time, was outstanding."
na,en,readme,sentence-level,reference,A2,CC BY SA NC 4.0,"We stayed for 2 nights 14th &amp; 15th October, having booked on lastminute.com."
na,en,readme,sentence-level,reference,A2,CC BY SA NC 4.0,"Put some likable characters in it, for Pete's sake."
na,en,readme,sentence-level,reference,A2,CC BY SA NC 4.0,"While the show seemed to lose its way a bit in the later episodes, it was ultimately an engaging murder mystery."
na,en,readme,sentence-level,reference,A2,CC BY SA NC 4.0,No sane person could hate this wonderful film.
na,en,readme,sentence-level,reference,A1,CC BY SA NC 4.0,Dafne Keen and James McAvoy are superb!
na,en,readme,sentence-level,reference,A2,CC BY SA NC 4.0,"It is close, but my vote is they should take Kaley."
na,en,readme,sentence-level,reference,A2,CC BY SA NC 4.0,Elf seems to have become a Christmas Classic over the years.
na,en,readme,sentence-level,reference,A2,CC BY SA NC 4.0,Actors are superb.
na,en,readme,sentence-level,reference,A2,CC BY SA NC 4.0,"There's a reason why some Christmas films become classics, watched every year without fail."
na,en,readme,sentence-level,reference,A2,CC BY SA NC 4.0,The flashback to young Lofthouse is rather unnecessary.
na,en,readme,sentence-level,reference,A2,CC BY SA NC 4.0,The CGI were excellent too.
na,en,readme,sentence-level,reference,A2,CC BY SA NC 4.0,"If you saw the first one, you know what happened to Chris, and it is explained how he shows up here."
na,en,readme,sentence-level,reference,A2,CC BY SA NC 4.0,For the first time in her life she has confidence and strength.
na,en,readme,sentence-level,reference,A2,CC BY SA NC 4.0,Do not watch this if you thought it was going to be like downton abbey or the crown.
na,en,readme,sentence-level,reference,A2,CC BY SA NC 4.0,It wasn't my style as it wasn't really a crime thriller it was definitely more on the 'comedy' side (although I didn't laugh).
na,en,readme,sentence-level,reference,A2,CC BY SA NC 4.0,Have you ever seen Stallone look scared?
na,en,readme,sentence-level,reference,A1,CC BY SA NC 4.0,Sorry but these are a waste of money!
na,en,readme,sentence-level,reference,A2,CC BY SA NC 4.0,Don’t buy this product.
na,en,readme,sentence-level,reference,A2,CC BY SA NC 4.0,The battery covers screw stripped out the first day on both cars I purchased for Christmas.
na,en,readme,sentence-level,reference,A2,CC BY SA NC 4.0,I’ll be tossing them after eating a few out one bag.
na,en,readme,sentence-level,reference,A1,CC BY SA NC 4.0,This lasted 2 weeks after using it for 1 days.
na,en,readme,sentence-level,reference,A2,CC BY SA NC 4.0,First of all the package was shoved into my mail box and was basically crushed when I pulled it out.
na,en,readme,sentence-level,reference,A2,CC BY SA NC 4.0,All the wax got stuck at the top and would never flow.
na,en,readme,sentence-level,reference,A2,CC BY SA NC 4.0,The item u sent me was not what I ordered no stars
na,en,readme,sentence-level,reference,A2,CC BY SA NC 4.0,My dog eats them but I prefer a more chewy treat for my dog.
na,en,readme,sentence-level,reference,A2,CC BY SA NC 4.0,"Tried it again several more times, and it caught and kicked every time."
na,en,readme,sentence-level,reference,A2,CC BY SA NC 4.0,I will not be purchasing from this company again.
na,en,readme,sentence-level,reference,A1,CC BY SA NC 4.0,They broke right away.
na,en,readme,sentence-level,reference,A2,CC BY SA NC 4.0,What a waste of my time waiting for this to arrive.
na,en,readme,sentence-level,reference,A2,CC BY SA NC 4.0,This wax gets extremely hot.
na,en,readme,sentence-level,reference,A2,CC BY SA NC 4.0,"I wouldn't know because it says that my item was delivered, but it is not here."
na,en,readme,sentence-level,reference,A2,CC BY SA NC 4.0,It wasn't the size in the picture never again going to buy this product
na,en,readme,sentence-level,reference,A2,CC BY SA NC 4.0,I didn't bother to take them out of the bag and you can have them back.
na,en,readme,sentence-level,reference,A2,CC BY SA NC 4.0,"I ordered a screen for an iPhone 8 Plus, but recevied product that was for a different phone."
na,en,readme,sentence-level,reference,A2,CC BY SA NC 4.0,The wires did not last long at all.
na,en,readme,sentence-level,reference,A2,CC BY SA NC 4.0,The dragon was missing paint and there was glue or something all over the dragon.
na,en,readme,sentence-level,reference,A2,CC BY SA NC 4.0,They were not stitched.
na,en,readme,sentence-level,reference,A1,CC BY SA NC 4.0,I mean the case looks cool.
na,en,readme,sentence-level,reference,A2,CC BY SA NC 4.0,On first use it didn't heat up and now it doesn't work at all
na,en,readme,sentence-level,reference,A1,CC BY SA NC 4.0,I feel ripped off.
na,en,readme,sentence-level,reference,A1,CC BY SA NC 4.0,Never received item.
na,en,readme,sentence-level,reference,A2,CC BY SA NC 4.0,It seems to have lots of fat (a white greasy substance) in it!
na,en,readme,sentence-level,reference,A2,CC BY SA NC 4.0,"Hot dishes are not hot, cold dishes are close to room temp.I watched staff prepare food with BARE HANDS, no gloves.Everything is deep fried in oil."
na,en,readme,sentence-level,reference,A2,CC BY SA NC 4.0,Paying $7.85 for a hot dog and fries that looks like it came out of a kid's meal at the Wienerschnitzel is not my idea of a good meal.
na,en,readme,sentence-level,reference,A2,CC BY SA NC 4.0,"No allergy warnings on the menu, and the waitress had absolutely no clue as to which meals did or did not contain peanuts."
na,en,readme,sentence-level,reference,A2,CC BY SA NC 4.0,We waited for thirty minutes to be seated (although there were 8 vacant tables and we were the only folks waiting).
na,en,readme,sentence-level,reference,A1,CC BY SA NC 4.0,"The first time I ever came here I had an amazing experience, I still tell people how awesome the duck was."
na,en,readme,sentence-level,reference,A2,CC BY SA NC 4.0,I love that they put their food in nice plastic containers as opposed to cramming it in little paper takeout boxes.
na,en,readme,sentence-level,reference,A2,CC BY SA NC 4.0,"I personally love the hummus, pita, baklava, falafels and Baba Ganoush (it's amazing what they do with eggplant!"
na,en,readme,sentence-level,reference,A2,CC BY SA NC 4.0,I asked multiple times for the wine list and after some time of being ignored I went to the hostess and got one myself.
na,en,readme,sentence-level,reference,A2,CC BY SA NC 4.0,Before I go in to why I gave a 1 star rating please know that this was my third time eating at Bachi burger before writing a review.
na,en,readme,sentence-level,reference,A2,CC BY SA NC 4.0,"I had high hopes for this place since the burgers are cooked over a charcoal grill, but unfortunately the taste fell flat, way flat."
na,en,readme,sentence-level,reference,A1,CC BY SA NC 4.0,I would not suggest this place!
na,en,readme,sentence-level,reference,A2,CC BY SA NC 4.0,"Anyways, The food was definitely not filling at all, and for the price you pay you should expect more."
na,en,readme,sentence-level,reference,A2,CC BY SA NC 4.0,"I also had to taste my Mom's multi-grain pumpkin pancakes with pecan butter and they were amazing, fluffy, and delicious!"
na,en,readme,sentence-level,reference,A2,CC BY SA NC 4.0,You could also use a drill to easily cut out eyes if you’re carving a face in your pumpkin.
na,en,readme,sentence-level,reference,A2,CC BY SA NC 4.0,"A good rule of thumb is to look at how many layers you’re wearing, and then add one more for your baby."
na,en,readme,sentence-level,reference,A2,CC BY SA NC 4.0,"If you’re headed outside, your baby will need more protection."
na,en,readme,sentence-level,reference,A2,CC BY SA NC 4.0,All it takes is a little creativity and a commitment to workout regularly.
na,en,readme,sentence-level,reference,A2,CC BY SA NC 4.0,Make simple shape cutouts with cookie cutters and a rubber mallet.
na,en,readme,sentence-level,reference,A2,CC BY SA NC 4.0,"If you don’t dry your pumpkin, it may develop mold faster."
na,en,readme,sentence-level,reference,A2,CC BY SA NC 4.0,Use an LED light for a fire-safe alternative.
na,en,readme,sentence-level,reference,A1,CC BY SA NC 4.0,"Use cookie cutters with spooky shapes, like ghosts, bats, or moons."
na,en,readme,sentence-level,reference,A2,CC BY SA NC 4.0,"In general, if you feel too warm and need to take off a few layers, your baby probably does, too."
na,en,readme,sentence-level,reference,A2,CC BY SA NC 4.0,It’s normal for your mind to wander.
na,en,readme,sentence-level,reference,A2,CC BY SA NC 4.0,"Otherwise, cotton or wool outer layers will keep your baby warm and cozy all day."
na,en,readme,sentence-level,reference,A1,CC BY SA NC 4.0,You could also lie outside on a blanket.
na,en,readme,sentence-level,reference,A2,CC BY SA NC 4.0,Make sure your hand can easily fit inside the hole so you’re able to scoop out the seeds.
na,en,readme,sentence-level,reference,A2,CC BY SA NC 4.0,Lighting and Displaying Carved Pumpkins
na,en,readme,sentence-level,reference,A2,CC BY SA NC 4.0,"If you’re headed outside, put a wide-brimmed hat on your baby to provide them the shade that they need."
na,en,readme,sentence-level,reference,A2,CC BY SA NC 4.0,A flickering LED light looks just like a candle without a real flame.
na,en,readme,sentence-level,reference,A2,CC BY SA NC 4.0,"Try essential oils like eucalyptus, lavender, rose, or rosemary."
na,en,readme,sentence-level,reference,A2,CC BY SA NC 4.0,Poke holes in the pumpkin with push pins to outline a stenciled design.
na,en,readme,sentence-level,reference,A2,CC BY SA NC 4.0,Place your hands behind you on this bench so that your butt is in the air and your knees are bent 90 degrees.
na,en,readme,sentence-level,reference,A2,CC BY SA NC 4.0,Each set should be eight to twelve reps. You might try doing up to three sets.
na,en,readme,sentence-level,reference,A2,CC BY SA NC 4.0,You might repeat your intention as you roll the egg.
na,en,readme,sentence-level,reference,A2,CC BY SA NC 4.0,Cover all bananas with filling.
na,en,readme,sentence-level,reference,A2,CC BY SA NC 4.0,No lumps should be present.
na,en,readme,sentence-level,reference,A2,CC BY SA NC 4.0,Make sure banana slices are covered by pie filling.
na,en,readme,sentence-level,reference,A2,CC BY SA NC 4.0,"Remove from heat, add butter and vanilla."
na,en,readme,sentence-level,reference,A2,CC BY SA NC 4.0,Drizzle Worcestershire sauce over lettuce.
na,en,readme,sentence-level,reference,A2,CC BY SA NC 4.0,"Bring to a boil over medium heat, stirring constantly."
na,en,readme,sentence-level,reference,A1,CC BY SA NC 4.0,Preheat oven to 350 degrees F (175 degrees C).
na,en,readme,sentence-level,reference,A2,CC BY SA NC 4.0,Add marshmallow creme and chocolate chips; blend until smooth.
na,en,readme,sentence-level,reference,A2,CC BY SA NC 4.0,Refrigerate until firm.
na,en,readme,sentence-level,reference,A1,CC BY SA NC 4.0,Slice 2 bananas.
na,en,readme,sentence-level,reference,A2,CC BY SA NC 4.0,"When meat is half-baked, add rice."
na,en,readme,sentence-level,reference,A2,CC BY SA NC 4.0,"In the top of a double boiler, whisk together sugar, flour, salt and milk."
na,en,readme,sentence-level,reference,A1,CC BY SA NC 4.0,Beat egg in a small bowl.
na,en,readme,sentence-level,reference,A2,CC BY SA NC 4.0,Slice remaining 2 bananas.
na,en,readme,sentence-level,reference,A2,CC BY SA NC 4.0,Add vinegar and toss to coat.
na,en,readme,sentence-level,reference,A1,CC BY SA NC 4.0,Add salt and pepper to taste.
na,en,readme,sentence-level,reference,A2,CC BY SA NC 4.0,Bake at 375°F (190°C) for about 45 minutes.
na,en,readme,sentence-level,reference,A2,CC BY SA NC 4.0,"In a separate pot, begin heating the milk."
na,en,readme,sentence-level,reference,A2,CC BY SA NC 4.0,"Then add sugar, melted butter, and cocoa."
na,en,readme,sentence-level,reference,A2,CC BY SA NC 4.0,Add about ½ cup of hot pie filling mixture to egg in bowl and stir well.
na,en,readme,sentence-level,reference,A1,CC BY SA NC 4.0,"Peel the onion, but do not cut it."
na,en,readme,sentence-level,reference,A2,CC BY SA NC 4.0,"Add flour, salt, baking powder, vanilla, and nuts."
na,en,readme,sentence-level,reference,A2,CC BY SA NC 4.0,Pour half of pie filling over bananas in bottom of pie shell.
na,en,readme,sentence-level,reference,A2,CC BY SA NC 4.0,"Pour into buttered, foil-lined pan."
na,en,readme,sentence-level,reference,A2,CC BY SA NC 4.0,Stir in walnuts and vanilla.
na,en,readme,sentence-level,reference,A1,CC BY SA NC 4.0,Add salt and pepper.
na,en,readme,sentence-level,reference,A2,CC BY SA NC 4.0,Mix well with a rubber spatula.
na,en,readme,sentence-level,reference,A2,CC BY SA NC 4.0,Capture more in each shot by taking both photos and videos at the same time.
na,en,readme,sentence-level,reference,A2,CC BY SA NC 4.0,"Set the volume level for call ringtones, notifications, media, and system sounds"
na,en,readme,sentence-level,reference,A2,CC BY SA NC 4.0,It is important that all compartments are closed tightly
na,en,readme,sentence-level,reference,A2,CC BY SA NC 4.0,Store and manage your contacts.
na,en,readme,sentence-level,reference,A2,CC BY SA NC 4.0,Do not disturb allows you to block sounds and notifications while this mode in turned on.
na,en,readme,sentence-level,reference,A2,CC BY SA NC 4.0,"Samsung Internet is a simple, fast, and reliable web browser for your device."
na,en,readme,sentence-level,reference,A2,CC BY SA NC 4.0,Installed apps can be removed from your device.
na,en,readme,sentence-level,reference,A2,CC BY SA NC 4.0,The Edge panels feature a variety of customizable panels that can be accessed from the edge of the screen.
na,en,readme,sentence-level,reference,A2,CC BY SA NC 4.0,Do not expose the device to water at high pressure
na,en,readme,sentence-level,reference,A2,CC BY SA NC 4.0,Your mobile device is not a toy.
na,en,readme,sentence-level,reference,A2,CC BY SA NC 4.0,Use your device’s screen lock features to secure your device.
na,en,readme,sentence-level,reference,A2,CC BY SA NC 4.0,You must sign in to your Samsung account to set up and use Secure folder
na,en,readme,sentence-level,reference,A2,CC BY SA NC 4.0,Use biometrics to securely unlock your device and log in to accounts
na,en,readme,sentence-level,reference,A2,CC BY SA NC 4.0,Multitask by using multiple apps at the same time.
na,en,readme,sentence-level,reference,A2,CC BY SA NC 4.0,You can add languages to your list and organize them according to preference.
na,en,readme,sentence-level,reference,A2,CC BY SA NC 4.0,Descriptions are based on the device’s default settings.
na,en,readme,sentence-level,reference,A2,CC BY SA NC 4.0,Fatima Fellowship is committed to fostering a diverse community of researchers.
na,en,readme,sentence-level,reference,A2,CC BY SA NC 4.0,"This belongs in a section titled ""Attributions"" of the README file for the relevant code"
na,en,readme,sentence-level,reference,A2,CC BY SA NC 4.0,"Otherwise, payment is to be made by cash or check."
na,en,readme,sentence-level,reference,A2,CC BY SA NC 4.0,Divide athletes  into  a female group and a male group .
na,en,readme,sentence-level,reference,A2,CC BY SA NC 4.0,Create divisions of no less than three and no more than eight teams
na,en,readme,sentence-level,reference,A2,CC BY SA NC 4.0,"In team sports: within each ability group, a team may compete against a team of a different age group."
na,en,readme,sentence-level,reference,A2,CC BY SA NC 4.0,"Female teams shall compete against other female teams , and male teams shall compete against other male teams."
na,en,readme,sentence-level,reference,A2,CC BY SA NC 4.0,Divide male and fem ale teams into the following age groups: ages 15 and under; 16-21; and 22 and over.
na,en,readme,sentence-level,reference,A1,CC BY SA NC 4.0,A coach’s first priority is the health and safety of the athlete.
na,en,readme,sentence-level,reference,A2,CC BY SA NC 4.0,The sports in which Special Olympics athletes are given the opportunity to train and compete are divided into four levels.
na,en,readme,sentence-level,reference,A2,CC BY SA NC 4.0,I will maintain the same interest and support towards sick and injured athletes
na,en,readme,sentence-level,reference,A2,CC BY SA NC 4.0,Athletes who are disqualified (for reasons other than unsportsmanlike conduct) or who do not finish an event shall be presented with a participation ribbon
na,en,readme,sentence-level,reference,A2,CC BY SA NC 4.0,We have to maintain the pace and progress of the Council's work.
na,en,readme,sentence-level,reference,A2,CC BY SA NC 4.0,Reject any attempt to link terrorism with any religion or race
na,en,readme,sentence-level,reference,A2,CC BY SA NC 4.0,The Committee also had an informal exchange of views with representatives of UNOPS.
na,en,readme,sentence-level,reference,A2,CC BY SA NC 4.0,Altogether women occupy approximately 19 per cent of the higher level posts.
na,en,readme,sentence-level,reference,A2,CC BY SA NC 4.0,"Act One begins on the Greek island controlled by the corsairs, or pirates."
na,en,readme,sentence-level,reference,A2,CC BY SA NC 4.0,"With this paper, we contribute to three related literatures."
na,en,readme,sentence-level,reference,A2,CC BY SA NC 4.0,"Overall, it seems clear that the Articles have stood the test of time."
na,en,readme,sentence-level,reference,A1,CC BY SA NC 4.0,This was not an easy task.
na,en,readme,sentence-level,reference,A2,CC BY SA NC 4.0,Initially he goes with the second model.
na,en,readme,sentence-level,reference,A2,CC BY SA NC 4.0,"Once a hole has been discovered, it must be filled."
na,en,readme,sentence-level,reference,A2,CC BY SA NC 4.0,Sometimes goes a littleslowly
na,en,readme,sentence-level,reference,A2,CC BY SA NC 4.0,Make sure all students are satisfied before moving on to the next question
na,en,readme,sentence-level,reference,A2,CC BY SA NC 4.0,Two girls crouch in front of a garden of small shrubbery .
na,en,readme,sentence-level,reference,A2,CC BY SA NC 4.0,"A man driving a red and black go-kart with number "" 11 "" on it ."
na,en,readme,sentence-level,reference,A2,CC BY SA NC 4.0,A man in a blue jacket is walking passed a blue pay phone .
na,en,readme,sentence-level,reference,A2,CC BY SA NC 4.0,A blond-haired female singer with long boots kneels on stage .
na,en,readme,sentence-level,reference,A2,CC BY SA NC 4.0,A dog walks on a red plank by a blue railing .
na,en,readme,sentence-level,reference,A2,CC BY SA NC 4.0,A guy wearing a helmet and red shirt is doing an air stunt on a bicycle .
na,en,readme,sentence-level,reference,A2,CC BY SA NC 4.0,A boy on a bicycle with a shovel and a woman with a laundry basket wait beside the road .
na,en,readme,sentence-level,reference,A2,CC BY SA NC 4.0,A baseball player hitting a ball .
na,en,readme,sentence-level,reference,A2,CC BY SA NC 4.0,"A man surfing a large wave in vibrant blue water , with large rocks in the foreground ."
na,en,readme,sentence-level,reference,A2,CC BY SA NC 4.0,A woman with dark hair wearing a bikini is sitting on a beach .
na,en,readme,sentence-level,reference,A2,CC BY SA NC 4.0,Kung Fu people practicing in front of a small audience .
na,en,readme,sentence-level,reference,A1,CC BY SA NC 4.0,A man on rollerblades is doing a trick .
na,en,readme,sentence-level,reference,A2,CC BY SA NC 4.0,A man writing 'who are you ' on his notepad while drinking coffee and eating muffins .
na,en,readme,sentence-level,reference,A1,CC BY SA NC 4.0,A girl with long hair wearing flip-flops is swinging on a swing .
na,en,readme,sentence-level,reference,A1,CC BY SA NC 4.0,A blond child in a jacket is sitting at the top of a slide at a playground .
na,en,readme,sentence-level,reference,A2,CC BY SA NC 4.0,A small group of people stands in a rocky field surrounded by camping equipment and patches of snow .
na,en,readme,sentence-level,reference,A2,CC BY SA NC 4.0,A girl splashes water into a pickup truck driving past .
na,en,readme,sentence-level,reference,A2,CC BY SA NC 4.0,"Four dogs look at an object in the sky , one jumping to reach it ."
na,en,readme,sentence-level,reference,A2,CC BY SA NC 4.0,A man with dark curly hair playing a guitar next to a Coke machine .
na,en,readme,sentence-level,reference,A1,CC BY SA NC 4.0,Young men and women are walking in a park .
na,en,readme,sentence-level,reference,A2,CC BY SA NC 4.0,Children at a party hitting a Dora pinata .
na,en,readme,sentence-level,reference,A2,CC BY SA NC 4.0,Three men stand still on a dock next to two boats .
na,en,readme,sentence-level,reference,A2,CC BY SA NC 4.0,A man in all white painting a black wall white .
na,en,readme,sentence-level,reference,A2,CC BY SA NC 4.0,A boy in red swimming trunks is jumping into the pool .
na,en,readme,sentence-level,reference,A1,CC BY SA NC 4.0,A young girl smiling in a plastic play structure .
na,en,readme,sentence-level,reference,A2,CC BY SA NC 4.0,Two rows of dance students are practicing ballet moves against a pole in a studio .
na,en,readme,sentence-level,reference,A1,CC BY SA NC 4.0,Two women pull on another coat .
na,en,readme,sentence-level,reference,A1,CC BY SA NC 4.0,The lady is taking pictures of statue .
na,en,readme,sentence-level,reference,A2,CC BY SA NC 4.0,A yellow dog running at his objective through a grassy area .
na,en,readme,sentence-level,reference,A2,CC BY SA NC 4.0,A man in a blue shirt taking a photo at a golf tournament .
na,en,readme,sentence-level,reference,A2,CC BY SA NC 4.0,A man is bowling using empty spray cans as pins in front of a wall covered in graffiti .
na,en,readme,sentence-level,reference,A2,CC BY SA NC 4.0,Baby with his dads glasses in his mouth .
na,en,readme,sentence-level,reference,A1,CC BY SA NC 4.0,A large group of photographers are in a stadium .
na,en,readme,sentence-level,reference,A2,CC BY SA NC 4.0,A young chef is adding ingredients to a stew .
na,en,readme,sentence-level,reference,A2,CC BY SA NC 4.0,Three women wearing yellow shirts are smiling at the camera .
na,en,readme,sentence-level,reference,A2,CC BY SA NC 4.0,A crowd has gathered to watch a young man break-dance in the street .
na,en,readme,sentence-level,reference,A2,CC BY SA NC 4.0,A young boy is holding on and riding a zip line down a hill .
na,en,readme,sentence-level,reference,A2,CC BY SA NC 4.0,Down into the dark.
na,en,readme,sentence-level,reference,A2,CC BY SA NC 4.0,"Fish aren't meant to be in a box , kid."
na,en,readme,sentence-level,reference,A1,CC BY SA NC 4.0,There's nothing to worry about .
na,en,readme,sentence-level,reference,A2,CC BY SA NC 4.0,Are ... are you my conscience ?
na,en,readme,sentence-level,reference,A2,CC BY SA NC 4.0,"Once you get in , swim to the bottom of the chamber ."
na,en,readme,sentence-level,reference,A1,CC BY SA NC 4.0,Think they own everything .
na,en,readme,sentence-level,reference,A2,CC BY SA NC 4.0,"Lady , is this guy bothering you ?"
na,en,readme,sentence-level,reference,A1,CC BY SA NC 4.0,Do something funny .
na,en,readme,sentence-level,reference,A1,CC BY SA NC 4.0,"Well , he swims up ."
na,en,readme,sentence-level,reference,A1,CC BY SA NC 4.0,That's great .
na,en,readme,sentence-level,reference,A2,CC BY SA NC 4.0,"You got a problem , buddy ?"
na,en,readme,sentence-level,reference,A2,CC BY SA NC 4.0,"You got yourself in there , you can get yourself out ."
na,en,readme,sentence-level,reference,A1,CC BY SA NC 4.0,Hold still !
na,en,readme,sentence-level,reference,A2,CC BY SA NC 4.0,I' m a fish with a nose like a sword .
na,en,readme,sentence-level,reference,A2,CC BY SA NC 4.0,"No offence , kid , but you're not the best swimmer ."
na,en,readme,sentence-level,reference,A2,CC BY SA NC 4.0,"Hey , Mr Grumpy Gills ."
na,en,readme,sentence-level,reference,A1,CC BY SA NC 4.0,Let's do it .
na,en,readme,sentence-level,reference,A1,CC BY SA NC 4.0,"No , he's a good guy ."
na,en,readme,sentence-level,reference,A1,CC BY SA NC 4.0,You can do it .
na,en,readme,sentence-level,reference,A2,CC BY SA NC 4.0,"All right , we have less than 48 hours before Darla gets here ."
na,en,readme,sentence-level,reference,A1,CC BY SA NC 4.0,is he doing okay ?
na,en,readme,sentence-level,reference,A2,CC BY SA NC 4.0,Wonder what that means .
na,en,readme,sentence-level,reference,A2,CC BY SA NC 4.0,lt just swam over the trench .
na,en,readme,sentence-level,reference,A1,CC BY SA NC 4.0,Trust me on this .
na,en,readme,sentence-level,reference,A2,CC BY SA NC 4.0,My son was taken away from me .
na,en,readme,sentence-level,reference,A1,CC BY SA NC 4.0,Don't hurt yourself .
na,en,readme,sentence-level,reference,A1,CC BY SA NC 4.0,What are we ?
na,en,readme,sentence-level,reference,A2,CC BY SA NC 4.0,"I'm sorry , but if you could bring it a little closer."
na,en,readme,sentence-level,reference,A1,CC BY SA NC 4.0,Where's the butter ?
na,en,readme,sentence-level,reference,A2,CC BY SA NC 4.0,"Parties are fun and it's tempting , but we can't because ..."
na,en,readme,sentence-level,reference,A2,CC BY SA NC 4.0,3 young women holding their cellphones talk to a young man about texting.
na,en,readme,sentence-level,reference,A2,CC BY SA NC 4.0,"A person and his friend begin blowing through a tube together, they pause and smile at the camera."
na,en,readme,sentence-level,reference,A2,CC BY SA NC 4.0,A person suddenly appears jumping from a cliff and wearing a parachute.
na,en,readme,sentence-level,reference,A2,CC BY SA NC 4.0,In front of a picture an man demonstrates how to sharpen a large knife with a sharpening stick.
na,en,readme,sentence-level,reference,A2,CC BY SA NC 4.0,A man is doing some tap dancing inside of a dance studio.
na,en,readme,sentence-level,reference,A2,CC BY SA NC 4.0,"Goldfish are swimming in a bowl, then a person drops food into the bowl and the fish eat."
na,en,readme,sentence-level,reference,A1,CC BY SA NC 4.0,A person is putting a tattoo with an instrument on someones leg.
na,en,readme,sentence-level,reference,A1,CC BY SA NC 4.0,A group of people walk along the street and a boy runs into the street.
na,en,readme,sentence-level,reference,A2,CC BY SA NC 4.0,A group of men are racing on lawnmowers and there is a crowd watching them.
na,en,readme,sentence-level,reference,A2,CC BY SA NC 4.0,A person is showing how to clean out debris from a horse shoe.
na,en,readme,sentence-level,reference,A2,CC BY SA NC 4.0,A young man with a yellow t-shirt explains how the back of a chair got broken.
na,en,readme,sentence-level,reference,A2,CC BY SA NC 4.0,Man sits by potter's wheel and uses palms to hit ball of clay in center of wheel.
na,en,readme,sentence-level,reference,A2,CC BY SA NC 4.0,A man riding a motorcycle with a small dog pulls up to a driveway and then comes to a stop.
na,en,readme,sentence-level,reference,A2,CC BY SA NC 4.0,Several people are in a grape vat casually stomping grapes and taking pictures of themselves.
na,en,readme,sentence-level,reference,A2,CC BY SA NC 4.0,A crowded area is seen in front of a store before cutting to a womans face.
na,en,readme,sentence-level,reference,A2,CC BY SA NC 4.0,A person is massaging their own arms while sitting on a bed.
na,en,readme,sentence-level,reference,A2,CC BY SA NC 4.0,A guy with white shirt on is teaching on how tp tie a tie with a pink tie A young girl does a cartwheel and the kicks a bucket over.
na,en,readme,sentence-level,reference,A2,CC BY SA NC 4.0,A man is standing in a music room playing a long horn instrument.
na,en,readme,sentence-level,reference,A2,CC BY SA NC 4.0,A young boy is indoors showing his family his dance moves.
na,en,readme,sentence-level,reference,A2,CC BY SA NC 4.0,A group of people are at the gym working on a woman is working on her arms.
na,en,readme,sentence-level,reference,A2,CC BY SA NC 4.0,A man is reading the paper as he talks with someone on the phone.
na,en,readme,sentence-level,reference,A1,CC BY SA NC 4.0,A kid is seen taking a paper napkin from a shelf to clean his nose.
na,en,readme,sentence-level,reference,A2,CC BY SA NC 4.0,"A little boy on the sofa listens to a woman speaking, takes a tissue, and blows his nose."
na,en,readme,sentence-level,reference,A2,CC BY SA NC 4.0,A woman is smiling as she lifts some weights as another person talks.
na,en,readme,sentence-level,reference,A2,CC BY SA NC 4.0,A man is carving a totem type pole with various animals on it.
na,en,readme,sentence-level,reference,A2,CC BY SA NC 4.0,A woman competes in a long jump event while outside.
na,en,readme,sentence-level,reference,A2,CC BY SA NC 4.0,"A man lying in some mud stands up, walks to the camera, and turns it."
na,en,readme,sentence-level,reference,A2,CC BY SA NC 4.0,"A man attempts to blow out several candles on a cake, but the candles don't go out."
na,en,readme,sentence-level,reference,A1,CC BY SA NC 4.0,A little girl drinks from a blue cup and then coughs and waves.
na,en,readme,sentence-level,reference,A2,CC BY SA NC 4.0,A woman is preparing a dish with forks and syrup.
na,en,readme,sentence-level,reference,A2,CC BY SA NC 4.0,A group of men in a dance studio watch as a man in red pants performs a break dancing solo.
na,en,readme,sentence-level,reference,A2,CC BY SA NC 4.0,"A football player starts walking on the field, stops and stretches, and then walks again."
na,en,readme,sentence-level,reference,A2,CC BY SA NC 4.0,"A group of people, horses and mules are on a mountain side."
na,en,readme,sentence-level,reference,A1,CC BY SA NC 4.0,"Oh, my gosh, Hunter."
na,en,readme,sentence-level,reference,A1,CC BY SA NC 4.0,"But for now, you should all rest."
na,en,readme,sentence-level,reference,A2,CC BY SA NC 4.0,"Practice every day, or I'll appear in your nightmares."
na,en,readme,sentence-level,reference,A1,CC BY SA NC 4.0,Am I doing this right?
na,en,readme,sentence-level,reference,A2,CC BY SA NC 4.0,"Thank you for providing us with shelter, ma'am."
na,en,readme,sentence-level,reference,A1,CC BY SA NC 4.0,I'm just so happy you're home.
na,en,readme,sentence-level,reference,A2,CC BY SA NC 4.0,"But he was defeated by a newer, smaller bad guy?"
na,en,readme,sentence-level,reference,A2,CC BY SA NC 4.0,He won't tell me what he's looking for.
na,en,readme,sentence-level,reference,A2,CC BY SA NC 4.0,I never expected to be a mother of six.
na,en,readme,sentence-level,reference,A1,CC BY SA NC 4.0,"Well, I'm going to pick up Luz from school."
na,en,readme,sentence-level,reference,A2,CC BY SA NC 4.0,"Luz, I'm so happy I had you as a big sister."
na,en,readme,sentence-level,reference,A1,CC BY SA NC 4.0,You're safe here.
na,en,readme,sentence-level,reference,A1,CC BY SA NC 4.0,Shh! Don't say it so loud.
na,en,readme,sentence-level,reference,A2,CC BY SA NC 4.0,We'll tell them when we're ready.
na,en,readme,sentence-level,reference,A2,CC BY SA NC 4.0,Hey. Thanks for not telling them that I'm...
na,en,readme,sentence-level,reference,A1,CC BY SA NC 4.0,I like what you've done with the place.
na,en,readme,sentence-level,reference,A2,CC BY SA NC 4.0,"Well, he started out human."
na,en,readme,sentence-level,reference,A1,CC BY SA NC 4.0,They won't hate you any more than me
na,en,readme,sentence-level,reference,A2,CC BY SA NC 4.0,"Don't worry, Vee! We'll keep you safe."
na,en,readme,sentence-level,reference,A2,CC BY SA NC 4.0,"Mama, I-- I know I shouldn't have left."
na,en,readme,sentence-level,reference,A1,CC BY SA NC 4.0,I'll figure that out later.
na,en,readme,sentence-level,reference,A2,CC BY SA NC 4.0,But they're creating a lot of chaos.
na,en,readme,sentence-level,reference,A2,CC BY SA NC 4.0,We're learning Spanish from this scary owl app.
na,en,readme,sentence-level,reference,A2,CC BY SA NC 4.0,"Hunter, look at all this awesome human stuff."
na,en,readme,sentence-level,reference,A1,CC BY SA NC 4.0,But this still confuses me.
na,en,readme,sentence-level,reference,A1,CC BY SA NC 4.0,We'll have time to talk later.
na,en,readme,sentence-level,reference,A1,CC BY SA NC 4.0,You're our top student!
na,en,readme,sentence-level,reference,A1,CC BY SA NC 4.0,Please never do that again.
na,en,readme,sentence-level,reference,A1,CC BY SA NC 4.0,"What? Pshh. No, of course they won't."
na,en,readme,sentence-level,reference,A2,CC BY SA NC 4.0,"It's not much, but I hope you two will be comfortable."
na,en,readme,sentence-level,reference,A1,CC BY SA NC 4.0,He still confuses us too.
na,en,readme,sentence-level,reference,A2,CC BY SA NC 4.0,A lot of people think boogers are funny but they're snot.
na,en,readme,sentence-level,reference,A2,CC BY SA NC 4.0,"A man is reading an r/jokes post... heh heh, that's pretty humorous... ...just like my arm bone."
na,en,readme,sentence-level,reference,A2,CC BY SA NC 4.0,Your mom is so fat even jesus couldn't lift her spirits up.
na,en,readme,sentence-level,reference,A2,CC BY SA NC 4.0,I like making silly faces in group photos because it's better to look ugly on purpose
na,en,readme,sentence-level,reference,A2,CC BY SA NC 4.0,Batman walks into a bar... ...followed by 24 sodium atoms.
na,en,readme,sentence-level,reference,A2,CC BY SA NC 4.0,I'd like deadlines more if they were called happy endings.
na,en,readme,sentence-level,reference,A2,CC BY SA NC 4.0,If you give a man a fish you kinda suck at picking out gifts.
na,en,readme,sentence-level,reference,A2,CC BY SA NC 4.0,Smart golfers always wear two pairs of pants in case they get a hole in one.
na,en,readme,sentence-level,reference,A2,CC BY SA NC 4.0,I just bought some land with a stranger and now we have a lot in common.
na,en,readme,sentence-level,reference,A2,CC BY SA NC 4.0,My inflatable girlfriend always looks surprised when i walk into the room.
na,en,readme,sentence-level,reference,A2,CC BY SA NC 4.0,Please pray for the private school kid whose dad drops him off in a 3-year-old car.
na,en,readme,sentence-level,reference,A2,CC BY SA NC 4.0,"Michael jackson, ted kennedy, and osama bin laden walk into a bar... you fill in the punch line."
na,en,readme,sentence-level,reference,A2,CC BY SA NC 4.0,"Selling a french ww2 rifle never fired, only dropped once."
na,en,readme,sentence-level,reference,A2,CC BY SA NC 4.0,At least the english rugby team doesn't have a flight home of shame...
na,en,readme,sentence-level,reference,A2,CC BY SA NC 4.0,My life is a result of it seemed like a good idea at the time.
na,en,readme,sentence-level,reference,A2,CC BY SA NC 4.0,I call bullshit on vampires that look all sexy and shit when they can't even see their reflection
na,en,readme,sentence-level,reference,A2,CC BY SA NC 4.0,I don't know why everyone is hating on this mayweather it's beautiful out.
na,en,readme,sentence-level,reference,A2,CC BY SA NC 4.0,Studys show that 76.5% of statistics are made up.
na,en,readme,sentence-level,reference,A2,CC BY SA NC 4.0,A solid way to make your waiter's head explode is to order a grilled cheese with no bread.
na,en,readme,sentence-level,reference,A2,CC BY SA NC 4.0,You know what they say about farm girls and horses... they both fell in mud.
na,en,readme,sentence-level,reference,A2,CC BY SA NC 4.0,I want to meet myself from someone else's point of view.
na,en,readme,sentence-level,reference,A2,CC BY SA NC 4.0,I want to tell you guys a small joke it's very puny!
na,en,readme,sentence-level,reference,A2,CC BY SA NC 4.0,I'm not gonna partake in this i hate monday morning thing because i hate all work days equally.
na,en,readme,sentence-level,reference,A2,CC BY SA NC 4.0,How about like a tye dye chicken who screams actual words at you
na,en,readme,sentence-level,reference,A2,CC BY SA NC 4.0,I have the heart of a lion and a lifetime ban from the local zoo
na,en,readme,sentence-level,reference,A2,CC BY SA NC 4.0,I had a joke about the baltimore riots but someones already stolen it :(
na,en,readme,sentence-level,reference,A2,CC BY SA NC 4.0,Helping a few people complete their bucket list so they will just die already.
na,en,readme,sentence-level,reference,A2,CC BY SA NC 4.0,How to change a baby: 1. swap it out with a labrador pup when no one's looking
na,en,readme,sentence-level,reference,A2,CC BY SA NC 4.0,"Not all wood floats natalie wood, for example."
na,en,readme,sentence-level,reference,A2,CC BY SA NC 4.0,If your jokes are corny i'm all ears.
na,en,readme,sentence-level,reference,A2,CC BY SA NC 4.0,If anyone sees phillip... ...tell him i have his screwdriver.
na,en,readme,sentence-level,reference,A2,CC BY SA NC 4.0,You know your vacation sucks when you're constantly writing updates about it on facebook.
na,en,readme,sentence-level,reference,A1,CC BY SA NC 4.0,We really can.
na,en,readme,sentence-level,reference,A2,CC BY SA NC 4.0,"Stay on your feet, it’s the place to be!"
na,en,readme,sentence-level,reference,A2,CC BY SA NC 4.0,You have my forever and forever support!
na,en,readme,sentence-level,reference,A2,CC BY SA NC 4.0,I don’t expect to be on the A team anymore; but I want to play golf with you.
na,en,readme,sentence-level,reference,A2,CC BY SA NC 4.0,"Captain Hosenfeld proved to be a heroic person and opponent of Fascism, and deserves to be awarded."
na,en,readme,sentence-level,reference,A2,CC BY SA NC 4.0,Hi there can you tell me a little more about this table please .
na,en,readme,sentence-level,reference,A2,CC BY SA NC 4.0,Hi are you interested in the colorado?.
na,en,readme,sentence-level,reference,A2,CC BY SA NC 4.0,Well it probably would be a bit small.
na,en,readme,sentence-level,reference,A2,CC BY SA NC 4.0,watch is in great condition like new.
na,en,readme,sentence-level,reference,A2,CC BY SA NC 4.0,That is a great question but unfortunately I do not know who the artist is.
na,en,readme,sentence-level,reference,A2,CC BY SA NC 4.0,Would you like to make an offer?.
na,en,readme,sentence-level,reference,A2,CC BY SA NC 4.0,"This is a beautiful apartment at a great location, could you do $1600?"
na,en,readme,sentence-level,reference,A1,CC BY SA NC 4.0,"Yes, this a pet friendly community."
na,en,readme,sentence-level,reference,A1,CC BY SA NC 4.0,It's practically brand new.
na,en,readme,sentence-level,reference,A1,CC BY SA NC 4.0,"Hey nice chair, would look perfect in my living room."
na,en,readme,sentence-level,reference,A1,CC BY SA NC 4.0,I know almost nothing about this stuff.
na,en,readme,sentence-level,reference,A2,CC BY SA NC 4.0,"It really is a great piece..  Hi, what kind of condition is it in?"
na,en,readme,sentence-level,reference,A2,CC BY SA NC 4.0,Are you willing to lower just a few dollars to $59?
na,en,readme,sentence-level,reference,A2,CC BY SA NC 4.0,That's a very sweet bike!
na,en,readme,sentence-level,reference,A2,CC BY SA NC 4.0,Yes it has HD quality sound.
na,en,readme,sentence-level,reference,A1,CC BY SA NC 4.0,Could you tell me a bit more about it?
na,en,readme,sentence-level,reference,A2,CC BY SA NC 4.0,I am interested but at a more reasonable price.
na,en,readme,sentence-level,reference,A1,CC BY SA NC 4.0,It is a great soundbar.
na,en,readme,sentence-level,reference,A2,CC BY SA NC 4.0,"I am really interested in hyour trunk, it is beautiful."
na,en,readme,sentence-level,reference,A2,CC BY SA NC 4.0,How soon would you like to get the vehicle?
na,en,readme,sentence-level,reference,A2,CC BY SA NC 4.0,"Hi, I am interested in your product."
na,en,readme,sentence-level,reference,A1,CC BY SA NC 4.0,But I don't want to go too low.
na,en,readme,sentence-level,reference,A2,CC BY SA NC 4.0,Is the price negotiable?
na,en,readme,sentence-level,reference,A2,CC BY SA NC 4.0,"I don't have one for sale, but I thought you did?"
na,en,readme,sentence-level,reference,A2,CC BY SA NC 4.0,A glass top and bottom and it is adjustable up and down.
na,en,readme,sentence-level,reference,A1,CC BY SA NC 4.0,"Sounds great, you're looking at a beautiful home here."
na,en,readme,sentence-level,reference,A1,CC BY SA NC 4.0,how are the tires?
na,en,readme,sentence-level,reference,A1,CC BY SA NC 4.0,"They're great, fully complete and in good condition."
na,en,readme,sentence-level,reference,A1,CC BY SA NC 4.0,How do the speakers sound?
na,en,readme,sentence-level,reference,A1,CC BY SA NC 4.0,It is on the top floor.
na,en,readme,sentence-level,reference,A2,CC BY SA NC 4.0,I am interested in an apartment.
na,en,readme,sentence-level,reference,A2,CC BY SA NC 4.0,Your knowledge of English is really surprising .
na,en,readme,sentence-level,reference,A2,CC BY SA NC 4.0,Can I reserve a room from the 13th to the 18th ?
na,en,readme,sentence-level,reference,A1,CC BY SA NC 4.0,Can I take your order ?
na,en,readme,sentence-level,reference,A2,CC BY SA NC 4.0,"Hello , I'd like to see Mr . Charles , the manager , please ."
na,en,readme,sentence-level,reference,A1,CC BY SA NC 4.0,Are you sure you heard right ?
na,en,readme,sentence-level,reference,A1,CC BY SA NC 4.0,"Good morning , Angela , how have you been lately ?"
na,en,readme,sentence-level,reference,A1,CC BY SA NC 4.0,"Look , there is traffic accident over there ."
na,en,readme,sentence-level,reference,A2,CC BY SA NC 4.0,This is the route I thought we could take on our hike on Saturday afternoon .
na,en,readme,sentence-level,reference,A2,CC BY SA NC 4.0,"Mr.Martin , we're on arrival ."
na,en,readme,sentence-level,reference,A2,CC BY SA NC 4.0,My parents are always saying I am not good enough .
na,en,readme,sentence-level,reference,A1,CC BY SA NC 4.0,Have you lost weight ?
na,en,readme,sentence-level,reference,A2,CC BY SA NC 4.0,I would like to pick a time to look at houses with you .
na,en,readme,sentence-level,reference,A2,CC BY SA NC 4.0,"Are you ready to order now , sir ?"
na,en,readme,sentence-level,reference,A2,CC BY SA NC 4.0,What's wrong with you ?
na,en,readme,sentence-level,reference,A2,CC BY SA NC 4.0,Could you recommend some places for me ?
na,en,readme,sentence-level,reference,A2,CC BY SA NC 4.0,"Hello , may I speak to Mr.Baker , please ?"
na,en,readme,sentence-level,reference,A2,CC BY SA NC 4.0,I'm sure he was off-side .
na,en,readme,sentence-level,reference,A2,CC BY SA NC 4.0,"You are married to a foreigner , huh ?"
na,en,readme,sentence-level,reference,A2,CC BY SA NC 4.0,George speaks Japanese better than Frank .
na,en,readme,sentence-level,reference,A2,CC BY SA NC 4.0,May I take a picture of you and your little boy ?
na,en,readme,sentence-level,reference,A1,CC BY SA NC 4.0,What would you like to drink ?
na,en,readme,sentence-level,reference,A2,CC BY SA NC 4.0,Have you ever found yourself in a situation when you have to lie to people who trust you ?
na,en,readme,sentence-level,reference,A1,CC BY SA NC 4.0,Happy Birthday !
na,en,readme,sentence-level,reference,A1,CC BY SA NC 4.0,Are you going home now ?
na,en,readme,sentence-level,reference,A2,CC BY SA NC 4.0,"You're going to have coffee , aren't you ?"
na,en,readme,sentence-level,reference,A1,CC BY SA NC 4.0,Thanks for inviting me to your party .
na,en,readme,sentence-level,reference,A2,CC BY SA NC 4.0,"This facility is great , don't you think ?"
na,en,readme,sentence-level,reference,A2,CC BY SA NC 4.0,How were you getting along with your studies ?
na,en,readme,sentence-level,reference,A1,CC BY SA NC 4.0,"I want to redo this poster , but John and Mary think it's good enough as it is ."
na,en,readme,sentence-level,reference,A1,CC BY SA NC 4.0,I simply can't learn French !
na,en,readme,sentence-level,reference,A2,CC BY SA NC 4.0,How is your appetite today ?
na,en,readme,sentence-level,reference,A1,CC BY SA NC 4.0,"What's wrong , Bob ?"
na,en,readme,sentence-level,reference,A2,CC BY SA NC 4.0,"Hey man , you hit my car ."
na,en,readme,sentence-level,reference,A2,CC BY SA NC 4.0,Nice to see you ; how have you been feeling lately ?
na,en,readme,sentence-level,reference,A1,CC BY SA NC 4.0,Clear all alarms
na,en,readme,sentence-level,reference,A1,CC BY SA NC 4.0,snooze alarm
na,en,readme,sentence-level,reference,A1,CC BY SA NC 4.0,Set the alarm for 8 pm central time.
na,en,readme,sentence-level,reference,A1,CC BY SA NC 4.0,Turn off all of my alarms today.
na,en,readme,sentence-level,reference,A1,CC BY SA NC 4.0,Cancel alarm for 10 pm tonight.
na,en,readme,sentence-level,reference,A1,CC BY SA NC 4.0,Set an alarm for 2:30 pm
na,en,readme,sentence-level,reference,A1,CC BY SA NC 4.0,Set alarm for 8 pm tonight
na,en,readme,sentence-level,reference,A1,CC BY SA NC 4.0,Set an alarm for 6am tomorrow
na,en,readme,sentence-level,reference,A1,CC BY SA NC 4.0,Set an alarm for 10pm tonight
na,en,readme,sentence-level,reference,A2,CC BY SA NC 4.0,What time is my alarm set for tomorrow?
na,en,readme,sentence-level,reference,A1,CC BY SA NC 4.0,Stop the alarm.
na,en,readme,sentence-level,reference,A1,CC BY SA NC 4.0,cancel alarm for 7 am tomorrow
na,en,readme,sentence-level,reference,A1,CC BY SA NC 4.0,cancel alarm for tomorrow morning
na,en,readme,sentence-level,reference,A1,CC BY SA NC 4.0,Stop alarm.
na,en,readme,sentence-level,reference,A1,CC BY SA NC 4.0,show my alarms for tomorrow
na,en,readme,sentence-level,reference,A1,CC BY SA NC 4.0,set alarm every 5 minutes
na,en,readme,sentence-level,reference,A2,CC BY SA NC 4.0,How much time before my alarm goes off?
na,en,readme,sentence-level,reference,A1,CC BY SA NC 4.0,Show all alarms please
na,en,readme,sentence-level,reference,A1,CC BY SA NC 4.0,Turn off all alarms
na,en,readme,sentence-level,reference,A1,CC BY SA NC 4.0,show all alarms
na,en,readme,sentence-level,reference,A1,CC BY SA NC 4.0,Show current set alarms.
na,en,readme,sentence-level,reference,A1,CC BY SA NC 4.0,snooze alarm for 15 minutes
na,en,readme,sentence-level,reference,A2,CC BY SA NC 4.0,Set my alarm to let me know when the game ends.
na,en,readme,sentence-level,reference,A1,CC BY SA NC 4.0,Cancel my alarm(s) for Saturday
na,en,readme,sentence-level,reference,A1,CC BY SA NC 4.0,Cancel alarms
na,en,readme,sentence-level,reference,A1,CC BY SA NC 4.0,set an alarm for 6pm
na,en,readme,sentence-level,reference,A2,CC BY SA NC 4.0,set alarm for 8:45am tomorrow
na,en,readme,sentence-level,reference,A2,CC BY SA NC 4.0,i need to set my alarm for tomorrow at 7 am
na,en,readme,sentence-level,reference,A1,CC BY SA NC 4.0,Set an alarm for 15 minutes for my meditation
na,en,readme,sentence-level,reference,A1,CC BY SA NC 4.0,how many alarms do I have
na,en,readme,sentence-level,reference,A1,CC BY SA NC 4.0,Set alarm for 7 am tomorrow
na,en,readme,sentence-level,reference,A2,CC BY SA NC 4.0,Set an alarm for tomorrow at 2am
na,en,readme,sentence-level,reference,A1,CC BY SA NC 4.0,Turn on all alarms
na,en,readme,sentence-level,reference,A1,CC BY SA NC 4.0,Set off alarm in 5 minutes
na,en,readme,sentence-level,reference,A1,CC BY SA NC 4.0,Set alarm for every 5 minutes
na,en,readme,sentence-level,reference,A1,CC BY SA NC 4.0,set alarm for 7am
na,en,readme,sentence-level,reference,A1,CC BY SA NC 4.0,cancel the alarm for 4:30am
na,en,readme,sentence-level,reference,A2,CC BY SA NC 4.0,set alarm every 15 minutes for one hour
na,en,readme,sentence-level,reference,A1,CC BY SA NC 4.0,cancel all alarms
na,en,readme,sentence-level,reference,A1,CC BY SA NC 4.0,set alarm every 5 minutes for 15 minutes
na,en,readme,sentence-level,reference,A2,CC BY SA NC 4.0,The Hanged Man.
na,en,readme,sentence-level,reference,A2,CC BY SA NC 4.0,"Here, said she"
na,en,readme,sentence-level,reference,A2,CC BY SA NC 4.0,Out of this stony rubbish?
na,en,readme,sentence-level,reference,A2,CC BY SA NC 4.0,"In the mountains, there you feel free"
na,en,readme,sentence-level,reference,A2,CC BY SA NC 4.0,Tell her I bring the horoscope myself
na,en,readme,sentence-level,reference,A2,CC BY SA NC 4.0,"And drank coffee, and talked for an hour"
na,en,readme,sentence-level,reference,A2,CC BY SA NC 4.0,"I read, much of the night, and go south in the winter"
na,en,readme,sentence-level,reference,A2,CC BY SA NC 4.0,I do not find
na,en,readme,sentence-level,reference,A2,CC BY SA NC 4.0,"I see crowds of people, walking round in a ring"
na,en,readme,sentence-level,reference,A2,CC BY SA NC 4.0,"And when we were children, staying at the archduke’s,"
na,en,readme,sentence-level,reference,A1,CC BY SA NC 4.0,"Marie, hold on tight."
na,en,readme,sentence-level,reference,A2,CC BY SA NC 4.0,And I will show you something different from either
na,en,readme,sentence-level,reference,A2,CC BY SA NC 4.0,Is known to be the wisest woman in Europe
na,en,readme,sentence-level,reference,A2,CC BY SA NC 4.0,"And here is the one-eyed merchant, and this card"
na,en,readme,sentence-level,reference,A2,CC BY SA NC 4.0,"Which is blank, is something he carries on his back"
na,en,readme,sentence-level,reference,A2,CC BY SA NC 4.0,"A crowd flowed over London Bridge, so many"
na,en,readme,sentence-level,reference,A1,CC BY SA NC 4.0,And I was frightened.
na,en,readme,sentence-level,reference,A2,CC BY SA NC 4.0,"Sighs, short and infrequent, were exhaled"
na,en,readme,sentence-level,reference,A2,CC BY SA NC 4.0,Flowed up the hill and down King William Street
na,en,readme,sentence-level,reference,A2,CC BY SA NC 4.0,And the dry stone no sound of water. 
na,en,readme,sentence-level,reference,A2,CC BY SA NC 4.0,A little life with dried tubers
na,en,readme,sentence-level,reference,A2,CC BY SA NC 4.0,"You know, I — particularly because of all those young people I’ve talked about, 18 to 30."
na,en,readme,sentence-level,reference,A2,CC BY SA NC 4.0,Never been a good bet to bet against America.
na,en,readme,sentence-level,reference,A2,CC BY SA NC 4.0,"So, let’s talk about Karen Bass and what we’re here to do."
na,en,readme,sentence-level,reference,A2,CC BY SA NC 4.0,I mean — I mean I literally mean that: We’ve come out stronger than we’ve gone in.
na,en,readme,sentence-level,reference,A2,CC BY SA NC 4.0,"But literally, nothing like this has happened since the Civil War."
na,en,readme,sentence-level,reference,A2,CC BY SA NC 4.0,"Mr. President, I have a couple of questions on several issues."
na,en,readme,sentence-level,reference,A2,CC BY SA NC 4.0,There are still a lot of people hurting that are very concerned.
na,en,readme,sentence-level,reference,A2,CC BY SA NC 4.0,We’ve cut that now.
na,en,readme,sentence-level,reference,A2,CC BY SA NC 4.0,"But with their votes, the American people have spoken and proven once again that democracy is who we are."
na,en,readme,sentence-level,reference,A2,CC BY SA NC 4.0,And what — I ask a rhetorical question: What would you all think?
na,en,readme,sentence-level,reference,A2,CC BY SA NC 4.0,I told her it means the world to me to be here.
na,en,readme,sentence-level,reference,A2,CC BY SA NC 4.0,Let me say it again: $1.7 trillion.
na,en,readme,sentence-level,reference,A2,CC BY SA NC 4.0,And we’re just getting started.
na,en,readme,sentence-level,reference,A1,CC BY SA NC 4.0,A whole lot would change.
na,en,readme,sentence-level,reference,A2,CC BY SA NC 4.0,We just need to remember who the hell we are.
na,en,readme,sentence-level,reference,A2,CC BY SA NC 4.0,But I believe we took the right steps for the country and for the American people.
na,en,readme,sentence-level,reference,A2,CC BY SA NC 4.0,I've been doing this a long time.
na,en,readme,sentence-level,reference,A2,CC BY SA NC 4.0,We have turned them into gig work.
na,en,readme,sentence-level,reference,A2,CC BY SA NC 4.0,The majority of car trips in the world today are less than five miles.
na,en,readme,sentence-level,reference,A1,CC BY SA NC 4.0,"And I can tell you this, this can be done."
na,en,readme,sentence-level,reference,A2,CC BY SA NC 4.0,It has taken about 200 years for motors to become what they are today.
na,en,readme,sentence-level,reference,A2,CC BY SA NC 4.0,And a family of maybe ten in Uganda will emit way less than a family of four in a country within Europe.
na,en,readme,sentence-level,reference,A2,CC BY SA NC 4.0,Let’s come together and set the narrative straight.
na,en,readme,sentence-level,reference,A2,CC BY SA NC 4.0,It is clarity of the demands that we are allowed to make of others.
na,en,readme,sentence-level,reference,A2,CC BY SA NC 4.0,So this is where loss and damage comes in.
na,en,readme,sentence-level,reference,A2,CC BY SA NC 4.0,"Globally, it's number two."
na,en,readme,sentence-level,reference,A2,CC BY SA NC 4.0,What are the most important specs to consider when buying a laptop nowadays?
na,en,readme,sentence-level,reference,A2,CC BY SA NC 4.0,How I take a snapshot of a video?
na,en,readme,sentence-level,reference,A2,CC BY SA NC 4.0,Where you buy a penny board?
na,en,readme,sentence-level,reference,A1,CC BY SA NC 4.0,How was your first day in college?
na,en,readme,sentence-level,reference,A2,CC BY SA NC 4.0,How can I get android phone free?
na,en,readme,sentence-level,reference,A2,CC BY SA NC 4.0,What the best apps for Philips Hue?
na,en,readme,sentence-level,reference,A2,CC BY SA NC 4.0,Who is better? Harvey Specter workouts Mike Ross?
na,en,readme,sentence-level,reference,A2,CC BY SA NC 4.0,Why do I feel like I want countries die?
na,en,readme,sentence-level,reference,A2,CC BY SA NC 4.0,Which radio taxi service alternative most affordable and reliable in Greece?
na,en,readme,sentence-level,reference,A2,CC BY SA NC 4.0,How your can l learn Chinese?
na,en,readme,sentence-level,reference,A2,CC BY SA NC 4.0,What are some resources for learning Quantum Mechanics?
na,en,readme,sentence-level,reference,A2,CC BY SA NC 4.0,What is some unexpected things first-time visitors to Iran notice?
na,en,readme,sentence-level,reference,A1,CC BY SA NC 4.0,Why do Germans ''being human''?
na,en,readme,sentence-level,reference,A2,CC BY SA NC 4.0,Why are data structures and algorithms important?
na,en,readme,sentence-level,reference,A2,CC BY SA NC 4.0,Is it normal for me to not be sexually attracted to anyone?
na,en,readme,sentence-level,reference,A2,CC BY SA NC 4.0,Will Donald Trump the next US President?
na,en,readme,sentence-level,reference,A2,CC BY SA NC 4.0,What are the best services to payments on your website?
na,en,readme,sentence-level,reference,A2,CC BY SA NC 4.0,How wouldn are limes and lemons different?
na,en,readme,sentence-level,reference,A2,CC BY SA NC 4.0,Are there any differences between the Magic Kingdoms at Disneyland and meaning Disney World?
na,en,readme,sentence-level,reference,A2,CC BY SA NC 4.0,How does it feel my when a girl proposes to a guy?
na,en,readme,sentence-level,reference,A2,CC BY SA NC 4.0,How do I catch moved partner?
na,en,readme,sentence-level,reference,A2,CC BY SA NC 4.0,I'm still great friends with a number of the people I met that first day in Donlon.
na,en,readme,sentence-level,reference,A2,CC BY SA NC 4.0,Not more than most other schools.
na,en,readme,sentence-level,reference,A2,CC BY SA NC 4.0,"If you want to do law, you can easily be a student in arts and science and go to a great law school."
na,en,readme,sentence-level,reference,A2,CC BY SA NC 4.0,Most multimillionaires went to lax schools.
na,en,readme,sentence-level,reference,A2,CC BY SA NC 4.0,I don't think any grad school or employer would care about you dropping a PE class to be honest.
na,en,readme,sentence-level,reference,A2,CC BY SA NC 4.0,Are there any resources to help find a tutor for a class that not many people take?
na,en,readme,sentence-level,reference,A2,CC BY SA NC 4.0,Many people bring their bikes to Cornell; Ithaca is very bike-friendly.
na,en,readme,sentence-level,reference,A2,CC BY SA NC 4.0,"I've looked at the requirements for a PhD in computer science, but I'm still unclear on the total number of required courses."
na,en,readme,sentence-level,reference,A1,CC BY SA NC 4.0,All freshman dorms are very social.
na,en,readme,sentence-level,reference,A2,CC BY SA NC 4.0,I don't think they increase chances for veterans.
na,en,readme,sentence-level,reference,A2,CC BY SA NC 4.0,"I still want to know what the most rigorous intro courses are, because I don't want to overwhelm myself during my first semester.."
na,en,readme,sentence-level,reference,A2,CC BY SA NC 4.0,"She’s knows it’s extremely difficult to get an internship the summer after freshman year, but wants to try anyway."
na,en,readme,sentence-level,reference,A2,CC BY SA NC 4.0,"I know they weren't at the career fair, but Bank of America has a freshman tech internship program."
na,en,readme,sentence-level,reference,A2,CC BY SA NC 4.0,I couldn't believe it when the news about all the shit he was in came out.
na,en,readme,sentence-level,reference,A2,CC BY SA NC 4.0,"I have great reception everywhere on campus, even in most buildings unless in the basement."
na,en,readme,sentence-level,reference,A2,CC BY SA NC 4.0,"Your best bet is to practice on some old tires, or switch to deer-shanking."
na,en,readme,sentence-level,reference,A2,CC BY SA NC 4.0,It takes place on the weekend of March 15-16th.
na,en,readme,sentence-level,reference,A2,CC BY SA NC 4.0,"First of all, congrats on getting things together."
na,en,readme,sentence-level,reference,A2,CC BY SA NC 4.0,Makes it much harder to feel bad for his family when they are stealing money from our school.
na,en,readme,sentence-level,reference,A2,CC BY SA NC 4.0,Is there any disadvantages to using this architecture?
na,en,readme,sentence-level,reference,A2,CC BY SA NC 4.0,I have tried to specify the AssemblyVersion as 1.0.
na,en,readme,sentence-level,reference,A2,CC BY SA NC 4.0,That part I think I have figured out but any suggestions would be welcome.
na,en,readme,sentence-level,reference,A2,CC BY SA NC 4.0,"Sure I can go back and delete the changes, but I'd rather not go through this hassle."
na,en,readme,sentence-level,reference,A2,CC BY SA NC 4.0,I want to add 3 hours to the current time to get the due date time.
na,en,readme,sentence-level,reference,A2,CC BY SA NC 4.0,I solemnly swear that I am up to no good.
na,en,readme,sentence-level,reference,A2,CC BY SA NC 4.0,A woman is like a tea bag; you never know how strong it is until it's in hot water.
na,en,readme,sentence-level,reference,A2,CC BY SA NC 4.0,I believe that everything happens for a reason.
na,en,readme,sentence-level,reference,A2,CC BY SA NC 4.0,Two things are infinite: the universe and human stupidity; and I'm not sure about the universe.
na,en,readme,sentence-level,reference,A2,CC BY SA NC 4.0,Learn as if you were to live forever.
na,en,readme,sentence-level,reference,A2,CC BY SA NC 4.0,"It is not a lack of love, but a lack of friendship that makes unhappy marriages."
na,en,readme,sentence-level,reference,A2,CC BY SA NC 4.0,"I'm selfish, impatient and a little insecure."
na,en,readme,sentence-level,reference,A2,CC BY SA NC 4.0,"I may not have gone where I intended to go, but I think I have ended up where I needed to be."
na,en,readme,sentence-level,reference,A2,CC BY SA NC 4.0,Inside of a dog it's too dark to read.
na,en,readme,sentence-level,reference,A2,CC BY SA NC 4.0,In three words I can sum up everything I've learned about life: it goes on.
na,en,readme,sentence-level,reference,A2,CC BY SA NC 4.0,Hate cannot drive out hate: only love can do that.
na,en,readme,sentence-level,reference,A2,CC BY SA NC 4.0,Always forgive your enemies; nothing annoys them so much.
na,en,readme,sentence-level,reference,A2,CC BY SA NC 4.0,The man who does not read has no advantage over the man who cannot read.
na,en,readme,sentence-level,reference,A2,CC BY SA NC 4.0,"You only live once, but if you do it right, once is enough."
na,en,readme,sentence-level,reference,A2,CC BY SA NC 4.0,One is as though nothing is a miracle.
na,en,readme,sentence-level,reference,A1,CC BY SA NC 4.0,"If you tell the truth, you don't have to remember anything."
na,en,readme,sentence-level,reference,A2,CC BY SA NC 4.0,Fantasy is a necessary ingredient in living.
na,en,readme,sentence-level,reference,A2,CC BY SA NC 4.0,You know you're in love when you can't fall asleep because reality is finally better than your dreams.
na,en,readme,sentence-level,reference,A2,CC BY SA NC 4.0,"Without music, life would be a mistake."
na,en,readme,sentence-level,reference,A2,CC BY SA NC 4.0,A room without books is like a body without a soul.
na,en,readme,sentence-level,reference,A2,CC BY SA NC 4.0,Be the change that you wish to see in the world.
na,en,readme,sentence-level,reference,A2,CC BY SA NC 4.0,"It is our choices, Harry, that show what we truly are, far more than our abilities."
na,en,readme,sentence-level,reference,A2,CC BY SA NC 4.0,A friend is someone who knows all about you and still loves you.
na,en,readme,sentence-level,reference,A2,CC BY SA NC 4.0,Life is what happens to us while we are making other plans.
na,en,readme,sentence-level,reference,A2,CC BY SA NC 4.0,"These COVID-19 testing trucks have the logo Anubis, the Egyptian God of Death"
na,en,readme,sentence-level,reference,A1,CC BY SA NC 4.0,The elderly are dying of the COVID-19 vaccine
na,en,readme,sentence-level,reference,A2,CC BY SA NC 4.0,There has been no net warming of the planet in the past 22 years
na,en,readme,sentence-level,reference,A2,CC BY SA NC 4.0,There were no mass shootings under Trump
na,en,readme,sentence-level,reference,A2,CC BY SA NC 4.0,"CNN said that the Boulder, CO Shooter was Morally White"
na,en,readme,sentence-level,reference,A2,CC BY SA NC 4.0,"Drinking Cold Water is unhealthy, causes cancer, and causes heart attacks"
na,en,readme,sentence-level,reference,A2,CC BY SA NC 4.0,The COVID vaccine kept killing all the animals it was tested on
na,en,readme,sentence-level,reference,A2,CC BY SA NC 4.0,Finland is promoting a 4 day work week
na,en,readme,sentence-level,reference,A2,CC BY SA NC 4.0,Joe Biden is a wanted felon in Ukraine
na,en,readme,sentence-level,reference,A2,CC BY SA NC 4.0,"The Three gorges dam in China flooded or leaked in 2020 or 2021, killing thousands"
na,en,readme,sentence-level,reference,A2,CC BY SA NC 4.0,Soy sauce imports from Japan will be cheaper next year because of Brexit
na,en,readme,sentence-level,reference,A2,CC BY SA NC 4.0,The Canadian Election is full of fraud because Justin Trudeau used Dominion Voting Systems
na,en,readme,sentence-level,reference,A2,CC BY SA NC 4.0,Dandelion Root and Dandelion Extract cures cancer
na,en,readme,sentence-level,reference,A2,CC BY SA NC 4.0,Western Australia and Australia has admitted that the COVID19 vaccine is poison
na,en,readme,sentence-level,reference,A2,CC BY SA NC 4.0,California’s new bill decriminalizes pedophilia
na,en,readme,sentence-level,reference,A2,CC BY SA NC 4.0,New Zealand revoked the human right to grow food
na,en,readme,sentence-level,reference,A2,CC BY SA NC 4.0,Cucumbers cures cancer and also prevents cancer
na,en,readme,sentence-level,reference,A2,CC BY SA NC 4.0,World Bank exported COVID-19 tests in 2018 or 2017 before COVID-19 pandemic occurred
na,en,readme,sentence-level,reference,A2,CC BY SA NC 4.0,Swaziland has the highest rate of HIV infection in the world.
na,en,readme,sentence-level,reference,A2,CC BY SA NC 4.0,The app Muslim Pro is selling user data to the US military
na,en,readme,sentence-level,reference,A2,CC BY SA NC 4.0,Like my tweet and follow me i follow back
na,en,readme,sentence-level,reference,A2,CC BY SA NC 4.0,we were discussing this in an alumni group also.
na,en,readme,sentence-level,reference,A1,CC BY SA NC 4.0,"If so, why did it get kicked out?"
na,en,readme,sentence-level,reference,A2,CC BY SA NC 4.0,"The Singapore health ministry have already said this is completely made up, so the original tweet should probably be deleted."
na,en,readme,sentence-level,reference,A1,CC BY SA NC 4.0,I’ve had the vaccine.
na,en,readme,sentence-level,reference,A2,CC BY SA NC 4.0,but it comes around ass absolutely tone deaf.
na,en,readme,sentence-level,reference,A1,CC BY SA NC 4.0,Now its over 1500.
na,en,readme,sentence-level,reference,A2,CC BY SA NC 4.0,Not the fastest fact-checker.
na,en,readme,sentence-level,reference,A2,CC BY SA NC 4.0,A child dies from hunger every 10 seconds.
na,en,readme,sentence-level,reference,A1,CC BY SA NC 4.0,This story is false for sure.
na,en,readme,sentence-level,reference,A2,CC BY SA NC 4.0,the mRNA vaccines don't have any of those ingredients.
na,en,readme,sentence-level,reference,A2,CC BY SA NC 4.0,Where are you getting this information from?
na,en,readme,sentence-level,reference,A1,CC BY SA NC 4.0,Kids have suffered the most in all this especially  my teenage  sons
na,en,readme,sentence-level,reference,A1,CC BY SA NC 4.0,They hate vinegar.
na,en,readme,sentence-level,reference,A2,CC BY SA NC 4.0,How is the vaccine dangerous?
na,en,readme,sentence-level,reference,A2,CC BY SA NC 4.0,"wait until they force the vaccine on us, and people think it's a great idea."
na,en,readme,sentence-level,reference,A1,CC BY SA NC 4.0,That's a good question
na,en,readme,sentence-level,reference,A2,CC BY SA NC 4.0,"however, the intent of the pass is to take photos."
na,en,readme,sentence-level,reference,A2,CC BY SA NC 4.0,A huge issue for us is the button placement .
na,en,readme,sentence-level,reference,A2,CC BY SA NC 4.0,The order was worth EUR 8mn .
na,en,readme,sentence-level,reference,A2,CC BY SA NC 4.0,The project is expected to be completed in 2009 .
na,en,readme,sentence-level,reference,A2,CC BY SA NC 4.0,We're never taking Amtrak again.
na,en,readme,sentence-level,reference,A2,CC BY SA NC 4.0,Group tickets for the Chicago run will go on sale Jan. 5.
na,en,readme,sentence-level,reference,A2,CC BY SA NC 4.0,"“I’m going to build you a brother."""
na,en,readme,sentence-level,reference,A2,CC BY SA NC 4.0,"""We must not give [him] our fear."""
na,en,readme,sentence-level,reference,A2,CC BY SA NC 4.0,David Mitchell has a Halloween present for us.
na,en,readme,sentence-level,reference,A1,CC BY SA NC 4.0,Practice self-care. 
na,en,readme,sentence-level,reference,A2,CC BY SA NC 4.0,Celebrate Halloween with a roundup of truly terrifying music videos.
na,en,readme,sentence-level,reference,A2,CC BY SA NC 4.0,The time for tiny-hand jokes has passed.
na,en,readme,sentence-level,reference,A2,CC BY SA NC 4.0,"""We can reach a happy ending even through hard times."""
na,en,readme,sentence-level,reference,A2,CC BY SA NC 4.0,Yep. We're already obsessed.
na,en,readme,sentence-level,reference,A2,CC BY SA NC 4.0,Probably not a good move.
na,en,readme,sentence-level,reference,A2,CC BY SA NC 4.0,"Hello, @Apple. Can you hear me?"
na,en,readme,sentence-level,reference,A2,CC BY SA NC 4.0,Can't fault the baker for this.
na,en,readme,sentence-level,reference,A2,CC BY SA NC 4.0,A step in the right direction.
na,en,readme,sentence-level,reference,A2,CC BY SA NC 4.0,There was a lot of news in April 2018. See what you forgot about.
na,en,readme,sentence-level,reference,A2,CC BY SA NC 4.0,We spent way too much time on this.
na,en,readme,sentence-level,reference,A2,CC BY SA NC 4.0,"*If you have 20 years on the job, that is."
na,en,readme,sentence-level,reference,A2,CC BY SA NC 4.0,"""[Nick is] a nice young man. He's a hard worker, and he's a cancer survivor willing to give back, so he's really an exceptional"
na,en,readme,sentence-level,reference,A2,CC BY SA NC 4.0,Think you have tax troubles? Jacynthia Quinn probably has more. A U.S. Tax Court judge recently slapped her with a civil
na,en,readme,sentence-level,reference,A1,CC BY SA NC 4.0,"What do you think? Are deals like the Coeur d'Alene's touching, or tacky? Leave your thoughts in the comments section below"
na,en,readme,sentence-level,reference,A2,CC BY SA NC 4.0,Warning: You'll be singing this all week.
na,en,readme,sentence-level,reference,A2,CC BY SA NC 4.0,"Avert your eyes, Texas."
na,en,readme,sentence-level,reference,A2,CC BY SA NC 4.0,"""I knew he was gone once that front kick landed."""
na,en,readme,sentence-level,reference,A2,CC BY SA NC 4.0,"""He plays the game like a young kid, like a kid's supposed to play it."""
na,en,readme,sentence-level,reference,A2,CC BY SA NC 4.0,"Michael Phelps joins in, too!"
na,en,readme,sentence-level,reference,A2,CC BY SA NC 4.0,Make baseball great again.
na,en,readme,sentence-level,reference,A2,CC BY SA NC 4.0,"These kids were so, so happy to see her."
na,en,readme,sentence-level,reference,A1,CC BY SA NC 4.0,"No, seriously."
na,en,readme,sentence-level,reference,A2,CC BY SA NC 4.0,The eagle hasn't landed.
na,en,readme,sentence-level,reference,A2,CC BY SA NC 4.0,A large share of citrus fruit in the US is grown in Florida and California.
na,en,readme,sentence-level,reference,A2,CC BY SA NC 4.0,Heavy smokers are reported to burn 200 calories per day more than non-smokers eating the same diet.
na,en,readme,sentence-level,reference,A1,CC BY SA NC 4.0,"They took over China, Persia, Turkestan, and Russia."
na,en,readme,sentence-level,reference,A2,CC BY SA NC 4.0,I have flown a little over all parts of the world; and it is true that geography has been very useful to me.
na,en,readme,sentence-level,reference,A2,CC BY SA NC 4.0,The sixth planet was ten times larger than the last one.
na,en,readme,sentence-level,reference,A2,CC BY SA NC 4.0,And I threw out an explanation with it.
na,en,readme,sentence-level,reference,A2,CC BY SA NC 4.0,PLEASE do NOT recommend The Da Vinci Code to me because you think it's brilliant.
na,en,readme,sentence-level,reference,A1,CC BY SA NC 4.0,Highly recommend this series!
na,en,readme,sentence-level,reference,A1,CC BY SA NC 4.0,Really awesome staff.
na,en,readme,sentence-level,reference,A1,CC BY SA NC 4.0,That part still works.
na,en,readme,sentence-level,reference,A2,CC BY SA NC 4.0,"It's rated """"PG-13"""" for action and violence and has a running time of 2 hours & 31 minutes."
na,en,readme,sentence-level,reference,A2,CC BY SA NC 4.0,"Easy to charge, stayed in my ears, and had great sound quality."
na,en,readme,sentence-level,reference,A2,CC BY SA NC 4.0,Just not durable at all.
na,en,readme,sentence-level,reference,A2,CC BY SA NC 4.0,"Flawed disc, stopped about 5-10 minutes before the end.of the movie."
na,en,readme,sentence-level,reference,A2,CC BY SA NC 4.0,It does not work and it smells really bad
na,en,readme,sentence-level,reference,A2,CC BY SA NC 4.0,The size of row must be the same as the size of col.
na,en,readme,sentence-level,reference,A2,CC BY SA NC 4.0,"To do a reading, crack the egg over a glass of water."
na,en,readme,sentence-level,reference,A1,CC BY SA NC 4.0,Do 12 reps in each set.
na,en,readme,sentence-level,reference,A2,CC BY SA NC 4.0,Tilt the blade at a 45-degree angle toward the stem and push it into the pumpkin.
na,en,readme,sentence-level,reference,A2,CC BY SA NC 4.0,This is often called a pike push-up.
na,en,readme,sentence-level,reference,A1,CC BY SA NC 4.0,Serve hot.
na,en,readme,sentence-level,reference,A2,CC BY SA NC 4.0,"Stir constantly until mixture is thickened, about 5-minutes."
na,en,readme,sentence-level,reference,A2,CC BY SA NC 4.0,"Place lid on mixture and continue cooking for 10 more minutes, stirring occasionally."
na,en,readme,sentence-level,reference,A2,CC BY SA NC 4.0,We acknowledge that our work as researchers often depends on the contributions of others.
na,en,readme,sentence-level,reference,A2,CC BY SA NC 4.0,Bacteria are typically a few millionths of a metre long. 
na,en,readme,sentence-level,reference,A2,CC BY SA NC 4.0,a person in pink pants playing a guitar
na,en,readme,sentence-level,reference,A2,CC BY SA NC 4.0,A little girl cutting up paper .
na,en,readme,sentence-level,reference,A2,CC BY SA NC 4.0,The number on the trash box is 66 .
na,en,readme,sentence-level,reference,A2,CC BY SA NC 4.0,A large group of people waiting at a train station .
na,en,readme,sentence-level,reference,A2,CC BY SA NC 4.0,A small boy sits on his fathers shoulders while holding balloons
na,en,readme,sentence-level,reference,A2,CC BY SA NC 4.0,Just because you're scared of the ocean ...
na,en,readme,sentence-level,reference,A1,CC BY SA NC 4.0,"For a clownfish , he isn't that funny ."
na,en,readme,sentence-level,reference,A1,CC BY SA NC 4.0,I heard he took on three .
na,en,readme,sentence-level,reference,A1,CC BY SA NC 4.0,I'm scared now !
na,en,readme,sentence-level,reference,A1,CC BY SA NC 4.0,I remembered what it said .
na,en,readme,sentence-level,reference,A2,CC BY SA NC 4.0,Boy standing on a pitching mound throwing the ball to a catcher.
na,en,readme,sentence-level,reference,A2,CC BY SA NC 4.0,A man is sitting down and getting his hair cut while a woman is talking about it.
na,en,readme,sentence-level,reference,A2,CC BY SA NC 4.0,A metal worker uses welding equipment to work on a large metal plate.
na,en,readme,sentence-level,reference,A2,CC BY SA NC 4.0,We have to do whatever it takes to get back.
na,en,readme,sentence-level,reference,A1,CC BY SA NC 4.0,"I think it's just ""stuff"" here."
na,en,readme,sentence-level,reference,A2,CC BY SA NC 4.0,"I never meant to lie, but I had to stay."
na,en,readme,sentence-level,reference,A2,CC BY SA NC 4.0,Maybe we should take a break.
na,en,readme,sentence-level,reference,A2,CC BY SA NC 4.0,Girls named miranda never think it's funny when you tell them they have the right to remain silent.
na,en,readme,sentence-level,reference,A2,CC BY SA NC 4.0,I wish i was a pepper so i could be jalapeno business
na,en,readme,sentence-level,reference,A2,CC BY SA NC 4.0,"It is a pure pride, as it was then."
na,en,readme,sentence-level,reference,A2,CC BY SA NC 4.0,"I'm not sure what you mean by hit, unless you're referring to all the great hit channels you'll be able to watch after you use my service..  Hello..  Hi."
na,en,readme,sentence-level,reference,A2,CC BY SA NC 4.0,I am interested in this item.
na,en,readme,sentence-level,reference,A1,CC BY SA NC 4.0,"May I help you , sir ?"
na,en,readme,sentence-level,reference,A2,CC BY SA NC 4.0,I don ’ t know why I married him .
na,en,readme,sentence-level,reference,A2,CC BY SA NC 4.0,I wish I knew who had moved our flower pots .
na,en,readme,sentence-level,reference,A1,CC BY SA NC 4.0,What did the boss say ?
na,en,readme,sentence-level,reference,A2,CC BY SA NC 4.0,Could you tell me where you put my book ?
na,en,readme,sentence-level,reference,A1,CC BY SA NC 4.0,Set alarm for 9am every Friday
na,en,readme,sentence-level,reference,A1,CC BY SA NC 4.0,Set an alarm for 6pm today
na,en,readme,sentence-level,reference,A1,CC BY SA NC 4.0,clear all of my alarms please
na,en,readme,sentence-level,reference,A1,CC BY SA NC 4.0,how much longer until my alarm goes off
na,en,readme,sentence-level,reference,A1,CC BY SA NC 4.0,How long before my alarm goes off?
na,en,readme,sentence-level,reference,A1,CC BY SA NC 4.0,Thank you.
na,en,readme,sentence-level,reference,A2,CC BY SA NC 4.0,"Had a bad cold, nevertheless"
na,en,readme,sentence-level,reference,A2,CC BY SA NC 4.0,There is shadow under this red rock
na,en,readme,sentence-level,reference,A2,CC BY SA NC 4.0,The lady of situations
na,en,readme,sentence-level,reference,A2,CC BY SA NC 4.0,"After 20 months of hard work, the pandemic no longer controls our lives."
na,en,readme,sentence-level,reference,A1,CC BY SA NC 4.0,Let’s vote for Karen Bass for mayor.
na,en,readme,sentence-level,reference,A2,CC BY SA NC 4.0,If you don’t encounter them?
na,en,readme,sentence-level,reference,A2,CC BY SA NC 4.0,What do you want to see happen?
na,en,readme,sentence-level,reference,A2,CC BY SA NC 4.0,Where can I get 7 certificate?
na,en,readme,sentence-level,reference,A2,CC BY SA NC 4.0,What are interesting facts about Hindu temples?
na,en,readme,sentence-level,reference,A2,CC BY SA NC 4.0,"I wasn't an engineer though, so someone who is/was in the College of Engineering can correct me if I'm wrong."
na,en,readme,sentence-level,reference,A2,CC BY SA NC 4.0,"So yes, you need to send all scores."
na,en,readme,sentence-level,reference,A2,CC BY SA NC 4.0,"You can still rush in the spring if you want the more ""traditional"" rush experience."
na,en,readme,sentence-level,reference,A2,CC BY SA NC 4.0,"I'm in the major, and I've done well."
na,en,readme,sentence-level,reference,A2,CC BY SA NC 4.0,The value provided as the current password is incorrect.
na,en,readme,sentence-level,reference,A2,CC BY SA NC 4.0,I am so clever that sometimes I don't understand a single word of what I am saying.
na,en,readme,sentence-level,reference,A2,CC BY SA NC 4.0,It does not do to dwell on dreams and forget to live.
na,en,readme,sentence-level,reference,A2,CC BY SA NC 4.0,"As he read, I fell in love the way you fall asleep: slowly, and then all at once."
na,en,readme,sentence-level,reference,A2,CC BY SA NC 4.0,We accept the love we think we deserve.
na,en,readme,sentence-level,reference,A1,CC BY SA NC 4.0,"So many books, so little time."
na,en,readme,sentence-level,reference,A2,CC BY SA NC 4.0,Jacinda Ardern and the New Zealand Labour party bribed the New Zealand media to win the reelection and there is election fraud in New Zealand
na,en,readme,sentence-level,reference,A2,CC BY SA NC 4.0,"In Africa, a child dies every minute because of (malaria)."
na,en,readme,sentence-level,reference,A2,CC BY SA NC 4.0,"Today, 27 million people are enslaved."
na,en,readme,sentence-level,reference,A2,CC BY SA NC 4.0,Trump to launch speaking tour with Bill O'Reilly
na,en,readme,sentence-level,reference,A2,CC BY SA NC 4.0,"I'm not even talking about that anymore, canada is not the only country with a Toronto."
na,en,readme,sentence-level,reference,A2,CC BY SA NC 4.0,"Remember Trump's ""luck, a very important word"" speech?"
na,en,readme,sentence-level,reference,A2,CC BY SA NC 4.0,If only it were fiction.
na,en,readme,sentence-level,reference,A2,CC BY SA NC 4.0,She was a longtime Democrat.
na,en,readme,sentence-level,reference,A2,CC BY SA NC 4.0,"""It's my money. I need a new roof,"" he said in a phone interview. ""It's unnerving knowing that somebody is taking a piece"
na,en,readme,sentence-level,reference,A1,CC BY SA NC 4.0,Let the games begin.
